category,title,inneroni,rating,bpm_lower,bpm_upper,training_rating,training_category
ポップス,倍倍FIGHT!,False,7,176.0,176.0,,
ポップス,かわいいだけじゃだめですか？,False,6,172.0,172.0,,
ポップス,On-Party!,False,6,182.0,182.0,,
ポップス,I wonder,False,5,125.0,125.0,,
ポップス,CITRUS,False,7,82.0,82.0,,
ポップス,テトリス,False,9,170.0,170.0,,
ポップス,イガク,False,8,42.5,170.0,,
ポップス,イガク,True,10,42.5,170.0,,
ポップス,ケセラセラ,False,7,115.0,115.0,,
ポップス,ライラック,False,8,150.0,150.0,,
ポップス,NEW KAWAII,False,8,134.0,134.0,,
ポップス,わたしの一番かわいいところ,False,7,128.0,128.0,,
ポップス,メズマライザー,False,7,185.0,185.0,,
ポップス,メズマライザー,True,9,185.0,185.0,,
ポップス,バブリー革命 ～ばんばんバブル～,False,7,155.0,155.0,,
ポップス,バブリー革命 ～ばんばんバブル～,True,9,155.0,155.0,,
ポップス,晩餐歌,False,7,103.0,103.0,,
ポップス,オトノケ,False,8,170.0,173.0,,
ポップス,Bling-Bang-Bang-Born,False,8,157.0,314.0,,
ポップス,しなこワールド,False,5,110.0,128.0,,
ポップス,うんぴフレンズ,False,3,170.0,170.0,,
ポップス,うんぴフレンズ,True,8,170.0,170.0,,
ポップス,愛包ダンスホール,False,8,141.0,141.0,,
ポップス,ファタール,False,6,156.0,156.0,,
ポップス,ファタール,True,9,156.0,156.0,,
ポップス,青のすみか,False,8,152.0,152.0,,
ポップス,INTERNET YAMERO,False,9,185.0,185.0,,
ポップス,ダンスホール,False,7,110.0,110.0,,
ポップス,青と夏,False,6,185.0,185.0,,
ポップス,粛聖!! ロリ神レクイエム☆,False,8,165.0,165.0,,
ポップス,はいよろこんで,False,7,147.0,147.0,,
ポップス,はいよろこんで,True,9,147.0,147.0,,
ポップス,SHEESH,False,7,140.0,140.0,,
ポップス,誰我為,False,6,138.0,138.0,,
ポップス,誰我為,True,8,138.0,138.0,,
ポップス,大好きになればいいんじゃない？,False,6,128.0,128.0,,
ポップス,Show Time,False,6,115.0,115.0,,
ポップス,AMPTAKxCOLORS,False,6,125.0,125.0,,
ポップス,最高到達点,False,7,132.0,132.0,,
ポップス,Habit,False,7,118.0,118.0,,
ポップス,Habit,True,8,118.0,118.0,,
ポップス,唱,False,8,132.0,132.0,,
ポップス,私は最強,False,7,182.8,192.0,,
ポップス,きゅうくらりん,False,8,220.0,220.0,,
ポップス,きゅうくらりん,True,10,220.0,220.0,,
ポップス,フォニイ,False,7,170.0,170.0,,
ポップス,フォニイ,True,9,170.0,170.0,4,体力・密度
ポップス,マツケンサンバII,False,8,127.22,127.22,,
ポップス,勇者,False,7,208.0,208.0,,
ポップス,勇者,True,9,208.0,208.0,,
ポップス,アイドル,False,7,166.0,166.0,,
ポップス,リヒト,False,7,165.0,165.0,,
ポップス,リヒト,True,9,165.0,165.0,,
ポップス,Neon Sign,False,8,121.0,121.0,,
ポップス,第ゼロ感,False,7,150.0,150.0,,
ポップス,ちゅ、多様性。,False,8,153.0,153.0,,
ポップス,絆ノ奇跡,False,5,170.0,170.0,,
ポップス,絆ノ奇跡,True,9,170.0,170.0,3,体力・密度
ポップス,逆戦 NI ZHAN,False,7,120.0,120.0,,
ポップス,Love You,False,6,100.0,100.0,,
ポップス,Surges,False,8,137.0,137.0,,
ポップス,Back to Life,False,6,105.0,105.0,,
ポップス,Subtitle,False,7,65.0,65.0,,
ポップス,ミックスナッツ,False,7,150.0,150.0,,
ポップス,ミックスナッツ,True,9,150.0,150.0,,
ポップス,Bukan Cinta Biasa,False,6,113.0,113.0,,
ポップス,トウキョウ・シャンディ・ランデヴ,False,8,137.0,137.0,,
ポップス,オトナブルー,False,7,73.99,130.0,,
ポップス,恋ゲバ,False,7,202.0,202.0,,
ポップス,残響散歌,False,7,171.0,171.0,,
ポップス,グッバイ宣言,False,8,170.0,170.0,,
ポップス,怪物,False,7,170.0,170.0,,
ポップス,祝福,False,8,170.0,170.0,,
ポップス,夜に駆ける,False,8,130.0,130.0,,
ポップス,新時代,False,7,86.86,175.0,,
ポップス,踊,False,8,128.0,128.0,1,総合力
ポップス,うっせぇわ,False,8,178.0,178.0,,
ポップス,紅蓮華,False,6,135.0,135.0,,
ポップス,紅蓮華,True,8,135.0,135.0,,
ポップス,炎,False,4,76.0,76.0,,
ポップス,ロキ,False,7,150.0,150.0,,
ポップス,RPG,False,6,135.0,135.0,,
ポップス,Dragon Night,False,8,124.0,124.0,,
ポップス,夏祭り / ジッタリン・ジン,False,7,70.5,282.0,,
ポップス,夏祭り / ジッタリン・ジン,True,10,70.5,282.0,7,高速処理・アイマス譜面
ポップス,夏祭り,False,6,141.0,141.0,,
ポップス,ドライフラワー,False,7,74.0,74.0,,
ポップス,シル・ヴ・プレジデント,False,7,176.0,176.0,,
ポップス,なにやってもうまくいかない,False,8,125.0,125.0,,
ポップス,シュガーソングとビターステップ,False,8,132.0,132.0,,
ポップス,前前前世,False,8,190.0,190.0,1,高速処理・アイマス譜面
ポップス,一途,False,8,160.0,160.0,,
ポップス,白日,False,8,93.0,93.0,,
ポップス,天体観測,False,6,163.0,163.0,,
ポップス,猫,False,8,77.0,77.0,,
ポップス,廻廻奇譚,False,8,185.0,185.0,1,体力・密度
ポップス,ナンセンス文学,False,7,154.0,154.0,,
ポップス,ドラマツルギー,False,5,127.6,149.0,,
ポップス,ドラマツルギー,True,8,127.6,149.0,1,変則・技術譜面
ポップス,第六感,False,7,134.0,134.0,,
ポップス,さくらんぼ,False,8,170.0,170.0,1,複合処理能力
ポップス,オドループ,False,8,172.0,172.0,,
ポップス,bad guy,False,7,120.0,135.0,,
ポップス,スキスキ星人,False,6,185.0,185.0,,
ポップス,DDU-DU DDU-DU,False,7,140.0,140.0,,
ポップス,シャイニングスター,False,6,158.0,158.0,,
ポップス,ハルジオン,False,8,144.0,152.0,,
ポップス,リンダリンダ,False,5,62.0,198.0,,
ポップス,あなたとトゥラッタッタ♪,False,1,120.0,120.0,,
ポップス,あなたとトゥラッタッタ♪,True,10,120.0,120.0,,
ポップス,くらべられっ子,False,7,194.0,194.0,,
ポップス,泥の分際で私だけの大切を奪おうだなんて,False,9,112.5,225.0,3,体力・密度
ポップス,恋,False,6,158.0,158.0,,
ポップス,【双打】 恋,False,7,158.0,158.0,,
ポップス,【双打】 恋,True,1,158.0,158.0,,
ポップス,Just Awake,False,8,191.0,191.0,,
ポップス,睡蓮花,False,7,156.0,156.0,,
ポップス,紅,False,8,156.3,156.3,2,体力・密度
ポップス,【双打】 紅,False,9,156.3,156.3,,
ポップス,【双打】 紅,True,10,156.3,156.3,,
ポップス,Silent Jealousy,False,8,183.0,183.0,3,体力・密度
ポップス,Silent Jealousy,True,10,183.0,183.0,7,体力・密度
ポップス,DANCE MONKEY,False,7,91.0,98.0,,
ポップス,秒針を噛む,False,8,130.0,130.0,,
ポップス,ただ君に晴れ,False,5,140.0,140.0,,
ポップス,だから僕は音楽を辞めた,False,6,125.0,125.0,,
ポップス,だから僕は音楽を辞めた,True,8,125.0,125.0,2,複合処理能力
ポップス,Savage Love,False,6,150.0,150.0,,
ポップス,R.Y.U.S.E.I.,False,8,128.0,128.0,,
ポップス,嘘,False,6,173.0,180.0,,
ポップス,レイン,False,7,95.0,95.0,0,変則・技術譜面
ポップス,いろはすてっぷ！,False,7,156.0,156.0,,
ポップス,オーバード,False,7,130.0,130.0,,
ポップス,オーバード,True,10,130.0,130.0,6,変則・技術譜面
ポップス,ねねねねねねねね!大爆走,False,7,170.0,170.0,,
ポップス,Ahoy!! 我ら宝鐘海賊団☆,False,7,170.0,170.0,,
ポップス,ほめのび,False,4,112.0,112.0,,
ポップス,Smile & Go!!,False,7,160.0,160.0,,
ポップス,六本の薔薇と采の歌,False,6,80.0,205.0,,
ポップス,六本の薔薇と采の歌,True,10,80.0,205.0,4,体力・密度
ポップス,ホロメン音頭,False,6,96.0,96.0,,
ポップス,零 -ZERO-,False,7,62.0,179.0,,
ポップス,女々しくて,False,8,143.0,143.0,,
ポップス,香水,False,6,122.0,122.0,,
ポップス,私以外私じゃないの,False,8,136.0,136.0,,
ポップス,乱数調整のリバースシンデレラ,False,8,85.0,170.0,,
ポップス,乱数調整のリバースシンデレラ,True,10,85.0,170.0,4,総合力
ポップス,愛唄,False,3,85.0,85.0,,
ポップス,恋するフォーチュンクッキー,False,7,122.0,122.0,,
ポップス,ポニーテールとシュシュ,False,7,80.0,160.0,,
ポップス,フライングゲット,False,5,131.0,131.0,,
ポップス,ヘビーローテーション,False,6,178.0,178.0,,
ポップス,Everyday、カチューシャ,False,6,172.04,172.04,,
ポップス,世界はあなたに笑いかけている,False,8,121.0,121.0,,
ポップス,ごめんなさいのKissing You,False,7,143.0,143.0,,
ポップス,さよならエレジー,False,8,155.0,155.0,,
ポップス,見たこともない景色,False,6,181.0,181.0,,
ポップス,見たこともない景色,True,8,181.0,181.0,,
ポップス,カウントダウン,False,8,194.0,194.0,1,高速処理・アイマス譜面
ポップス,にんじゃりばんばん,False,8,130.0,130.0,,
ポップス,インベーダーインベーダー,False,6,160.0,160.0,,
ポップス,ファッションモンスター,False,7,160.0,160.0,,
ポップス,PON PON PON,False,6,128.0,128.0,,
ポップス,YouTubeテーマソング,False,7,128.0,128.0,,
ポップス,今,False,5,128.0,128.0,,
ポップス,雑草,False,6,128.0,128.0,,
ポップス,虹,False,6,180.0,180.0,,
ポップス,8月の坂,False,7,130.0,130.0,,
ポップス,アバみ,False,8,200.0,200.0,,
ポップス,JOIN US,False,7,132.0,132.0,,
ポップス,神様の言うとおりに,False,8,165.0,165.0,,
ポップス,神様の言うとおりに,True,9,165.0,165.0,3,体力・密度
ポップス,猫サンキュー,False,9,195.0,195.0,4,体力・密度
ポップス,イイコ進化論(feat. O-LuHA),False,9,270.0,270.0,3,高速処理・アイマス譜面
ポップス,ミュートすればいいじゃん。,False,7,182.0,182.0,,
ポップス,RESTART,False,8,140.0,280.0,,
ポップス,轟!!!,False,6,178.0,178.0,,
ポップス,さちさちにしてあげる♪,False,7,160.0,160.0,,
ポップス,さちさちにしてあげる♪,True,10,160.0,160.0,6,複合処理能力
ポップス,ハルウタ,False,6,103.0,145.0,,
ポップス,ラブソングはとまらないよ,False,6,114.0,114.0,,
ポップス,誘惑,False,7,182.0,182.0,,
ポップス,HOWEVER,False,6,80.0,87.0,,
ポップス,シン・ゾンビ,False,9,180.0,360.0,4,体力・密度
ポップス,明日も,False,2,179.0,179.0,,
ポップス,刀剣乱舞,False,5,144.0,144.0,,
ポップス,STAY TUNE,False,7,123.0,123.0,,
ポップス,ゴッドソング,False,8,162.0,162.0,,
ポップス,ゴッドソング,True,10,162.0,162.0,6,総合力
ポップス,Jun Bride,False,7,115.18,168.0,,
ポップス,命短し恋せよ乙女,False,7,166.0,166.0,,
ポップス,華振舞,False,9,162.0,162.0,3,体力・密度
ポップス,よく遊びよく学べ,False,3,140.0,140.0,,
ポップス,I my moko,False,8,140.0,140.0,,
ポップス,DREAMERS' PARADISE,False,7,126.0,126.0,,
ポップス,修錬愛情 Practice Love,False,7,67.5,67.5,,
ポップス,AWAY,False,6,136.0,136.0,,
ポップス,以後別做朋友 The Distance of Love,False,6,93.0,143.13,,
ポップス,Just Dance,False,7,118.0,118.0,,
ポップス,Fairy Tale,False,6,64.0,64.0,,
ポップス,無人の島,False,7,42.0,70.0,,
ポップス,Say Something,False,6,112.0,112.0,,
ポップス,麻雀 Sparrow,False,6,85.0,85.0,,
ポップス,Yesterday,False,6,124.0,124.0,,
ポップス,開往早晨的午夜,False,6,114.0,114.0,,
ポップス,WOW,False,7,90.0,90.0,,
ポップス,海闊天空,False,5,77.0,77.0,,
ポップス,Miss You 3000,False,6,65.0,65.0,,
ポップス,王妃,False,5,127.0,127.0,,
ポップス,淘汰,False,5,59.0,59.0,,
キッズ,On-Party!,False,6,182.0,182.0,,
キッズ,WINNER！ゴジュウジャー！,False,6,190.0,190.0,,
キッズ,Got Boost?,False,6,165.0,165.0,,
キッズ,キミとアイドルプリキュア♪ Light Up！,False,5,167.0,167.0,,
キッズ,わんだふるぷりきゅあ！evolution!!,False,6,174.0,174.0,,
キッズ,しなこワールド,False,5,110.0,128.0,,
キッズ,うんぴフレンズ,False,3,170.0,170.0,,
キッズ,うんぴフレンズ,True,8,170.0,170.0,,
キッズ,おはようメルちゃん,False,4,136.0,136.0,,
キッズ,おはようメルちゃん,True,9,136.0,136.0,,
キッズ,あーーっす！,False,6,182.0,182.0,,
キッズ,最高到達点,False,7,132.0,132.0,,
キッズ,Bling-Bang-Bang-Born,False,8,157.0,314.0,,
キッズ,爆上戦隊ブンブンジャー,False,4,174.0,174.0,,
キッズ,全力キング,False,6,200.0,200.0,,
キッズ,ハロ,False,7,153.0,170.0,,
キッズ,ドキメキダイアリー,False,6,185.0,185.0,,
キッズ,マツケンサンバII,False,8,127.22,127.22,,
キッズ,ひとりごつ～バンドVer.～,False,3,112.0,112.0,,
キッズ,CHEMY×STORY,False,4,190.0,190.0,,
キッズ,Trust・Last,False,5,163.0,165.0,,
キッズ,絆ノ奇跡,False,5,170.0,170.0,,
キッズ,絆ノ奇跡,True,9,170.0,170.0,,
キッズ,残響散歌,False,7,171.0,171.0,,
キッズ,１・２・３,False,6,182.0,182.0,,
キッズ,めざせポケモンマスター -20th Anniversary-,False,8,120.0,240.0,,
キッズ,めざせポケモンマスター -20th Anniversary-,True,8,120.0,240.0,2,変則・技術譜面
キッズ,俺こそオンリーワン,False,6,134.0,134.0,,
キッズ,ウィーアー！,False,6,168.0,168.0,,
キッズ,ウィーアー！,True,10,168.0,168.0,5,体力・密度
キッズ,私は最強,False,7,182.8,192.0,,
キッズ,新時代,False,7,86.86,175.0,,
キッズ,奇想天外ふしぎをどうぞ,False,6,220.0,220.0,,
キッズ,アンパンマンのマーチ,False,1,96.05,96.05,,
キッズ,紅蓮華,False,6,135.0,135.0,,
キッズ,紅蓮華,True,8,135.0,135.0,,
キッズ,炎,False,4,76.0,76.0,,
キッズ,Let It Go～ありのままで～,False,4,137.0,137.0,,
キッズ,はねまり体操,False,5,142.0,142.0,,
キッズ,スーパーマリオブラザーズ,False,8,100.0,180.0,1,総合力
キッズ,"Jump Up, Super Star! Short Version",False,8,204.0,204.0,,
キッズ,となりのトトロ,False,5,129.5,129.5,,
キッズ,さんぽ,False,5,120.0,120.0,,
キッズ,さんぽ,True,9,120.0,120.0,3,体力・密度
キッズ,崖の上のポニョ,False,2,120.0,120.0,,
キッズ,いつも何度でも,False,1,134.0,134.0,,
キッズ,君をのせて,False,6,118.0,118.0,,
キッズ,名探偵コナン メイン・テーマ,False,6,135.0,135.0,,
キッズ,星のカービィメドレー,False,8,139.0,181.0,1,総合力
キッズ,メタナイトの逆襲メドレー,False,7,132.0,275.0,,
キッズ,メタナイトの逆襲メドレー,True,10,132.0,275.0,6,変則・技術譜面
キッズ,カラフル・パーティ,False,5,146.0,146.0,,
キッズ,HIMAWARI HAPPY,False,2,114.0,125.0,,
キッズ,YouTubeテーマソング,False,7,128.0,128.0,,
キッズ,今,False,5,128.0,128.0,,
キッズ,雑草,False,6,128.0,128.0,,
キッズ,Baby Shark（ベイビー・シャーク）,False,4,111.0,139.0,,
キッズ,夢をかなえてドラえもん,False,4,123.0,123.0,,
キッズ,シオカラ節,False,7,145.0,145.0,,
キッズ,スプラトゥーン2 メドレー,False,7,140.0,195.0,,
キッズ,スプラトゥーン2 メドレー,True,9,140.0,195.0,4,体力・密度
キッズ,おどるポンポコリン,False,4,140.0,140.0,,
キッズ,おどるポンポコリン,True,8,140.0,140.0,,
キッズ,Smile! Smile! Smile!,False,5,280.0,280.0,,
キッズ,Smile! Smile! Smile!,True,9,280.0,280.0,,
キッズ,RPG,False,6,135.0,135.0,,
キッズ,ゲゲゲの鬼太郎,False,2,116.0,116.0,,
キッズ,ゲゲゲの鬼太郎,True,10,116.0,116.0,6,総合力
キッズ,エビカニクス,False,6,141.0,141.0,,
キッズ,ようかい体操第一,False,7,125.0,125.0,,
キッズ,ギンギラ銀河,False,6,157.0,157.0,,
キッズ,ゲラゲラポーのうた,False,7,120.0,120.0,,
キッズ,妖怪ウォッチ2 元祖／本家／真打,False,9,97.0,140.0,2,総合力
キッズ,祭り囃子でゲラゲラポー,False,7,128.0,128.0,,
キッズ,ダン・ダン ドゥビ・ズバー！,False,7,160.0,160.0,,
キッズ,初恋峠でゲラゲラポー,False,7,123.0,123.0,,
キッズ,いぬのおまわりさん,False,7,112.0,112.0,,
キッズ,もりのくまさん,False,1,120.0,120.0,,
キッズ,もりのくまさん,True,9,120.0,120.0,,
キッズ,【双打】 もりのくまさん,False,7,120.0,120.0,,
キッズ,【双打】 もりのくまさん,True,8,120.0,120.0,,
キッズ,くまもとサプライズ！,False,6,150.0,150.0,,
キッズ,オーブの祈り,False,10,156.0,156.0,5,複合処理能力
キッズ,ウルトラマンギンガの歌,False,9,185.0,185.0,4,体力・密度
キッズ,GEEDの証,False,7,158.0,158.0,,
キッズ,ウルトラマンX,False,7,148.0,148.0,,
キッズ,ウルトラマンX,True,10,148.0,148.0,7,総合力
キッズ,ヒミツキチューバー,False,8,140.0,140.0,,
キッズ,限界突破×サバイバー,False,3,187.5,187.5,,
キッズ,限界突破×サバイバー,True,8,187.5,187.5,1,高速処理・アイマス譜面
キッズ,スーパードラゴンボールヒーローズ　テーマソング,False,6,84.0,178.0,,
キッズ,ドラゴンボールヒーローズ ギャラクシーミッションシリーズ テーマソング,False,6,165.0,165.0,,
キッズ,ドラゴンボールヒーローズ 邪悪龍ミッションシリーズ テーマソング,False,6,89.0,178.0,,
キッズ,ドラゴンボールヒーローズ ゴッドミッションシリーズ テーマソング,False,7,148.0,180.0,0,高速処理・アイマス譜面
キッズ,くらえ！ブットバースト!!,False,6,202.0,202.0,,
キッズ,ロックン・ハート！,False,5,177.0,177.0,,
キッズ,みらくる☆トラベル,False,4,178.0,178.0,,
キッズ,カ！カ！カ！カミズモード！,False,7,155.0,170.0,0,体力・密度
キッズ,おさかな毎日！さかなクン,False,7,123.0,123.0,,
キッズ,グレート！アニマルカイザー!!,False,8,172.0,172.0,2,体力・密度
キッズ,ココロ転がせっ！,False,5,116.0,159.0,,
アニメ,愛♡スクリ～ム！,False,6,132.0,132.0,,
アニメ,コットンキャンディえいえいおー！,False,8,168.0,169.0,,
アニメ,雑踏、僕らの街,False,8,171.0,171.0,,
アニメ,雑踏、僕らの街,True,9,171.0,171.0,,
アニメ,青春コンプレックス,False,8,190.0,190.0,,
アニメ,キミとアイドルプリキュア♪ Light Up！,False,5,167.0,167.0,,
アニメ,わんだふるぷりきゅあ！evolution!!,False,6,174.0,174.0,,
アニメ,オトノケ,False,8,170.0,173.0,,
アニメ,ファタール,False,6,156.0,156.0,,
アニメ,ファタール,True,9,156.0,156.0,,
アニメ,アイドル,False,7,166.0,166.0,,
アニメ,ライラック,False,8,150.0,150.0,,
アニメ,PEACEKEEPER,False,7,200.0,200.0,,
アニメ,Storyteller,False,7,192.0,192.0,,
アニメ,シカ色デイズ,False,6,183.0,183.0,,
アニメ,あーーっす！,False,6,182.0,182.0,,
アニメ,最高到達点,False,7,132.0,132.0,,
アニメ,誰我為,False,6,138.0,138.0,,
アニメ,誰我為,True,8,138.0,138.0,,
アニメ,オレンジ,False,7,200.0,200.0,,
アニメ,ヒカリアレ,False,9,178.0,178.0,4,体力・密度
アニメ,Bling-Bang-Bang-Born,False,8,157.0,314.0,,
アニメ,ハロ,False,7,153.0,170.0,,
アニメ,ドキメキダイアリー,False,6,185.0,185.0,,
アニメ,Nameless Story,False,8,195.0,195.0,,
アニメ,勇者,False,7,208.0,208.0,,
アニメ,勇者,True,9,208.0,208.0,,
アニメ,青のすみか,False,8,152.0,152.0,,
アニメ,廻廻奇譚,False,8,185.0,185.0,,
アニメ,ひとりごつ～バンドVer.～,False,3,112.0,112.0,,
アニメ,第ゼロ感,False,7,150.0,150.0,,
アニメ,ちゅ、多様性。,False,8,153.0,153.0,,
アニメ,絆ノ奇跡,False,5,170.0,170.0,,
アニメ,絆ノ奇跡,True,9,170.0,170.0,,
アニメ,残響散歌,False,7,171.0,171.0,,
アニメ,うまぴょい伝説,False,7,44.65,170.0,,
アニメ,うまぴょい伝説,True,9,44.65,170.0,4,体力・密度
アニメ,ツバサグラビティ,False,7,163.0,163.0,,
アニメ,Rat A Tat!!!,False,5,192.0,192.0,,
アニメ,Rat A Tat!!!,True,9,192.0,192.0,4,体力・密度
アニメ,１・２・３,False,6,182.0,182.0,,
アニメ,めざせポケモンマスター -20th Anniversary-,False,8,120.0,240.0,,
アニメ,めざせポケモンマスター -20th Anniversary-,True,8,120.0,240.0,,
アニメ,トウキョウ・シャンディ・ランデヴ,False,8,137.0,137.0,,
アニメ,ウィーアー！,False,6,168.0,168.0,,
アニメ,ウィーアー！,True,10,168.0,168.0,,
アニメ,私は最強,False,7,182.8,192.0,,
アニメ,新時代,False,7,86.86,175.0,,
アニメ,祝福,False,8,170.0,170.0,,
アニメ,閃光,False,8,208.0,208.0,,
アニメ,奇想天外ふしぎをどうぞ,False,6,220.0,220.0,,
アニメ,ミックスナッツ,False,7,150.0,150.0,,
アニメ,ミックスナッツ,True,9,150.0,150.0,,
アニメ,怪物,False,7,170.0,170.0,,
アニメ,紅蓮華,False,6,135.0,135.0,,
アニメ,紅蓮華,True,8,135.0,135.0,,
アニメ,炎,False,4,76.0,76.0,,
アニメ,残酷な天使のテーゼ,False,7,80.0,129.0,,
アニメ,残酷な天使のテーゼ,True,8,80.0,129.0,1,複合処理能力
アニメ,一途,False,8,160.0,160.0,,
アニメ,アンパンマンのマーチ,False,1,96.05,96.05,,
アニメ,紅蓮の弓矢,False,8,181.0,181.0,1,高速処理・アイマス譜面
アニメ,僕の戦争,False,8,144.0,144.0,,
アニメ,シュガーソングとビターステップ,False,8,132.0,132.0,,
アニメ,となりのトトロ,False,5,129.5,129.5,,
アニメ,さんぽ,False,5,120.0,120.0,,
アニメ,さんぽ,True,9,120.0,120.0,,
アニメ,崖の上のポニョ,False,2,120.0,120.0,,
アニメ,君をのせて,False,6,118.0,118.0,,
アニメ,いつも何度でも,False,1,134.0,134.0,,
アニメ,チキチキバンバン,False,7,128.0,128.0,,
アニメ,前前前世,False,8,190.0,190.0,,
アニメ,やわらか戦車,False,6,150.0,150.0,,
アニメ,やわらか戦車,True,9,150.0,150.0,4,体力・密度
アニメ,夢をかなえてドラえもん,False,4,123.0,123.0,,
アニメ,only my railgun,False,7,143.0,143.0,,
アニメ,ALIVE,False,6,174.0,180.0,,
アニメ,Let It Go～ありのままで～,False,4,137.0,137.0,,
アニメ,限界突破×サバイバー,False,3,187.5,187.5,,
アニメ,限界突破×サバイバー,True,8,187.5,187.5,,
アニメ,God knows...,False,7,150.0,150.0,,
アニメ,God knows...,True,9,150.0,150.0,5,複合処理能力
アニメ,おどるポンポコリン,False,4,140.0,140.0,,
アニメ,おどるポンポコリン,True,8,140.0,140.0,,
アニメ,Just Awake,False,8,191.0,191.0,,
アニメ,ようかい体操第一,False,7,125.0,125.0,,
アニメ,ギンギラ銀河,False,6,157.0,157.0,,
アニメ,ゲラゲラポーのうた,False,7,120.0,120.0,,
アニメ,ダン・ダン ドゥビ・ズバー！,False,7,160.0,160.0,,
アニメ,祭り囃子でゲラゲラポー,False,7,128.0,128.0,,
アニメ,初恋峠でゲラゲラポー,False,7,123.0,123.0,,
アニメ,ゲゲゲの鬼太郎,False,2,116.0,116.0,,
アニメ,ゲゲゲの鬼太郎,True,10,116.0,116.0,,
アニメ,Realize,False,7,206.0,206.0,0,体力・密度
アニメ,名探偵コナン メイン・テーマ,False,6,135.0,135.0,,
アニメ,ハルウタ,False,6,103.0,145.0,,
アニメ,零 -ZERO-,False,7,62.0,179.0,,
アニメ,カウントダウン,False,8,194.0,194.0,,
アニメ,嘘,False,6,173.0,180.0,,
アニメ,レイン,False,7,95.0,95.0,,
アニメ,"My Soul,Your Beats!",False,8,145.0,145.0,,
アニメ,僕らは今のなかで,False,8,196.0,196.0,1,高速処理・アイマス譜面
アニメ,それは僕たちの奇跡,False,7,180.0,180.0,,
アニメ,Angelic Angel,False,7,160.0,160.0,,
アニメ,オリオンをなぞる,False,7,182.0,182.0,,
アニメ,Marine Mirage,False,6,170.0,170.0,,
アニメ,Dive to Blue,False,8,72.74,186.0,2,高速処理・アイマス譜面
アニメ,なんどでも笑おう,False,7,77.5,155.0,,
アニメ,アイ MUST GO!,False,8,107.0,107.0,0,変則・技術譜面
アニメ,キラメキラリ,False,9,180.0,180.0,1,高速処理・アイマス譜面
アニメ,THE IDOLM@STER,False,8,165.0,165.0,,
アニメ,THE IDOLM@STER,True,8,165.0,165.0,,
アニメ,GO MY WAY!!,False,7,180.0,180.0,,
アニメ,マジで…！？,False,8,140.0,140.0,1,高速処理・アイマス譜面
アニメ,きゅんっ！ヴァンパイアガール,False,6,145.0,145.0,,
アニメ,自分REST@RT,False,7,171.0,171.0,,
アニメ,自分REST@RT,True,9,171.0,171.0,4,体力・密度
アニメ,待ち受けプリンス,False,9,144.0,144.0,1,複合処理能力
アニメ,Honey Heartbeat ～10 Stars Mix～,False,9,142.0,284.0,4,変則・技術譜面
アニメ,Honey Heartbeat ～10 Stars Mix～,True,10,142.0,284.0,7,複合処理能力
アニメ,ONLY MY NOTE,False,6,182.0,182.0,,
アニメ,七彩ボタン,False,7,128.0,128.0,,
アニメ,The world is all one !!,False,5,167.0,167.0,,
アニメ,READY!!,False,6,174.0,174.0,,
アニメ,M@STERPIECE,False,6,111.0,128.0,,
アニメ,SMOKY THRILL,False,8,146.0,146.0,,
アニメ,shiny smile,False,8,170.0,170.0,1,高速処理・アイマス譜面
アニメ,shiny smile,True,7,170.0,170.0,,
アニメ,魔法をかけて！,False,7,150.0,150.0,,
アニメ,魔法をかけて！,True,6,150.0,150.0,,
アニメ,エンジェル ドリーム,False,8,180.0,180.0,1,高速処理・アイマス譜面
アニメ,お願い！シンデレラ,False,7,175.0,175.0,,
アニメ,あんずのうた,False,7,195.0,195.0,0,高速処理・アイマス譜面
アニメ,Tulip,False,6,154.0,154.0,,
アニメ,Tulip,True,9,154.0,154.0,1,変則・技術譜面
アニメ,Star!!,False,6,178.0,178.0,,
アニメ,Star!!,True,9,178.0,178.0,4,複合処理能力
アニメ,Shine!!,False,6,174.0,174.0,,
アニメ,Shine!!,True,9,174.0,174.0,2,体力・密度
アニメ,華蕾夢ミル狂詩曲～魂ノ導～,False,8,184.0,184.0,2,体力・密度
アニメ,華蕾夢ミル狂詩曲～魂ノ導～,True,9,184.0,184.0,4,体力・密度
アニメ,Never say never,False,8,156.0,156.0,1,高速処理・アイマス譜面
アニメ,TOKIMEKIエスカレート,False,6,140.0,140.0,,
アニメ,TOKIMEKIエスカレート,True,9,140.0,140.0,3,複合処理能力
アニメ,ミツボシ☆☆★,False,6,175.0,175.0,,
アニメ,ミツボシ☆☆★,True,9,175.0,175.0,3,体力・密度
アニメ,GOIN'!!!,False,6,178.0,178.0,,
アニメ,GOIN'!!!,True,8,178.0,178.0,1,高速処理・アイマス譜面
アニメ,S(mile)ING!,False,6,178.0,178.0,,
アニメ,Thank You!,False,8,177.0,177.0,,
アニメ,Brand New Theater!,False,8,177.0,177.0,2,体力・密度
アニメ,GLORIOUS RO@D,False,7,128.0,128.0,,
アニメ,DRIVE A LIVE,False,7,140.0,140.0,,
アニメ,Reason!!,False,6,190.0,190.0,,
ボーカロイド™曲,アイドル戦士(feat. 初音ミク),False,8,97.6,130.0,,
ボーカロイド™曲,初音ミクの激唱,False,10,170.31,200.0,,
ボーカロイド™曲,初音ミクの激唱,True,10,170.31,200.0,,
ボーカロイド™曲,初音ミクの消失-劇場版-,False,9,100.0,240.0,5,変則・技術譜面
ボーカロイド™曲,初音ミクの消失-劇場版-,True,10,100.0,240.0,9,総合力
ボーカロイド™曲,エキセントリックｗ,False,8,172.0,172.0,,
ボーカロイド™曲,BORDERLESS,False,8,184.0,184.0,1,複合処理能力
ボーカロイド™曲,メズマライザー,False,7,185.0,185.0,,
ボーカロイド™曲,メズマライザー,True,9,185.0,185.0,,
ボーカロイド™曲,ハッピーシンセサイザ,False,7,127.0,127.0,,
ボーカロイド™曲,ラビットホール,False,9,173.0,173.0,,
ボーカロイド™曲,ヴァンパイア,False,8,164.0,164.0,,
ボーカロイド™曲,強風オールバック(feat.歌愛ユキ),False,7,135.0,135.0,,
ボーカロイド™曲,酔いどれ知らず,False,8,115.0,115.0,,
ボーカロイド™曲,KING,False,8,166.0,166.0,,
ボーカロイド™曲,ダーリンダンス,False,8,153.0,153.0,,
ボーカロイド™曲,ベノム(feat.flower),False,8,152.0,152.0,,
ボーカロイド™曲,千本桜,False,7,154.0,154.0,,
ボーカロイド™曲,千本桜,True,8,154.0,154.0,1,体力・密度
ボーカロイド™曲,グッバイ宣言,False,8,170.0,170.0,,
ボーカロイド™曲,神っぽいな,False,7,142.0,142.0,,
ボーカロイド™曲,六兆年と一夜物語,False,9,53.0,186.0,4,体力・密度
ボーカロイド™曲,六兆年と一夜物語,True,9,53.0,186.0,4,体力・密度
ボーカロイド™曲,拝啓ドッペルゲンガー,False,10,181.0,181.0,5,体力・密度
ボーカロイド™曲,アスノヨゾラ哨戒班,False,9,185.0,185.0,4,体力・密度
ボーカロイド™曲,だれかの心臓になれたなら,False,8,145.0,145.0,,
ボーカロイド™曲,ロキ,False,7,150.0,150.0,,
ボーカロイド™曲,いーあるふぁんくらぶ,False,8,145.0,147.43,,
ボーカロイド™曲,脳漿炸裂ガール,False,8,155.0,155.0,1,複合処理能力
ボーカロイド™曲,脳漿炸裂ガール,True,9,155.0,155.0,6,総合力
ボーカロイド™曲,命に嫌われている。,False,7,100.0,200.0,,
ボーカロイド™曲,命に嫌われている。,True,8,100.0,200.0,1,高速処理・アイマス譜面
ボーカロイド™曲,ヒバナ,False,8,200.0,200.0,,
ボーカロイド™曲,ヒバナ,True,10,200.0,200.0,6,体力・密度
ボーカロイド™曲,乙女解剖,False,6,134.0,134.0,,
ボーカロイド™曲,乙女解剖,True,8,134.0,134.0,1,複合処理能力
ボーカロイド™曲,アニマル,False,7,188.0,188.0,0,体力・密度
ボーカロイド™曲,シンデレラ,False,7,158.0,158.0,,
ボーカロイド™曲,シンデレラ,True,9,158.0,158.0,3,体力・密度
ボーカロイド™曲,カゲロウデイズ,False,7,200.0,200.0,,
ボーカロイド™曲,カゲロウデイズ,True,8,200.0,200.0,2,高速処理・アイマス譜面
ボーカロイド™曲,シャルル,False,8,145.0,145.0,,
ボーカロイド™曲,雨とペトラ,False,6,195.0,195.0,,
ボーカロイド™曲,雨とペトラ,True,8,195.0,195.0,2,体力・密度
ボーカロイド™曲,ロストワンの号哭,False,8,162.0,162.0,2,総合力
ボーカロイド™曲,東京テディベア,False,8,204.0,204.0,3,高速処理・アイマス譜面
ボーカロイド™曲,ナンセンス文学,False,7,154.0,154.0,,
ボーカロイド™曲,ドラマツルギー,False,5,127.6,149.0,,
ボーカロイド™曲,ドラマツルギー,True,8,127.6,149.0,,
ボーカロイド™曲,太陽系デスコ,False,8,150.0,150.0,,
ボーカロイド™曲,エイリアンエイリアン,False,9,152.0,152.0,2,体力・密度
ボーカロイド™曲,ダンスロボットダンス,False,9,190.0,190.0,4,体力・密度
ボーカロイド™曲,ルカルカ★ナイトフィーバー,False,8,160.0,160.0,,
ボーカロイド™曲,ルカルカ★ナイトフィーバー,True,9,160.0,160.0,5,複合処理能力
ボーカロイド™曲,ワールズエンド・ダンスホール,False,9,171.0,171.0,3,複合処理能力
ボーカロイド™曲,テオ,False,8,185.0,185.0,1,体力・密度
ボーカロイド™曲,ギガンティックO.T.N,False,9,190.0,190.0,3,高速処理・アイマス譜面
ボーカロイド™曲,ギガンティックO.T.N,True,10,190.0,190.0,7,体力・密度
ボーカロイド™曲,+♂(プラス男子),False,7,180.0,180.0,,
ボーカロイド™曲,+♂(プラス男子),True,9,180.0,180.0,4,高速処理・アイマス譜面
ボーカロイド™曲,カラフルボイス,False,9,240.0,240.0,6,高速処理・アイマス譜面
ボーカロイド™曲,カラフルボイス,True,10,240.0,240.0,9,体力・密度
ボーカロイド™曲,モノクロボイス,False,10,240.0,240.0,7,高速処理・アイマス譜面
ボーカロイド™曲,モノクロボイス,True,10,240.0,240.0,10,体力・密度
ボーカロイド™曲,4+1のそれぞれの未来,False,10,255.0,255.0,7,高速処理・アイマス譜面
ボーカロイド™曲,4+1のそれぞれの未来,True,10,255.0,255.0,,
ボーカロイド™曲,アルカリレットウセイ,False,7,158.0,158.0,,
ボーカロイド™曲,撥条少女時計,False,8,88.0,134.0,3,変則・技術譜面
ボーカロイド™曲,バイオレンストリガー,False,9,196.0,196.0,5,体力・密度
ボーカロイド™曲,天ノ弱,False,8,200.0,200.0,3,体力・密度
ボーカロイド™曲,残響,False,6,140.0,280.0,,
ボーカロイド™曲,残響,True,9,140.0,280.0,2,変則・技術譜面
ボーカロイド™曲,M.S.S.Planet,False,8,145.0,145.0,2,複合処理能力
ボーカロイド™曲,レトロマニア狂想曲,False,8,180.0,220.0,1,体力・密度
ボーカロイド™曲,愛×愛ホイッスル(カレーメシ公式曲),False,9,160.0,240.0,5,総合力
ボーカロイド™曲,グラーヴェ,False,8,185.0,185.0,1,体力・密度
ボーカロイド™曲,キレキャリオン,False,8,170.0,170.0,,
ボーカロイド™曲,テルミービート,False,8,197.0,197.0,2,体力・密度
ボーカロイド™曲,Irodoru♡Future,False,8,194.0,194.0,3,体力・密度
ボーカロイド™曲,ハイスペックニート,False,8,220.0,220.0,1,高速処理・アイマス譜面
ボーカロイド™曲,さちさちにしてあげる♪,False,7,160.0,160.0,,
ボーカロイド™曲,さちさちにしてあげる♪,True,10,160.0,160.0,,
ボーカロイド™曲,幾望の月,False,9,138.0,138.0,5,複合処理能力
ボーカロイド™曲,カンタービレ×パッシオーネ,False,7,160.0,160.0,,
ボーカロイド™曲,カンタービレ×パッシオーネ,True,9,160.0,160.0,4,複合処理能力
ボーカロイド™曲,とける,False,10,6.9,221.0,,
ボーカロイド™曲,とける,True,10,6.9,221.0,,
ボーカロイド™曲,Fallen Angel,False,9,168.0,168.0,,
ボーカロイド™曲,どんちゃんしたい！,False,8,197.0,197.0,,
ボーカロイド™曲,わんにゃーワールド,False,9,176.0,176.0,2,体力・密度
ボーカロイド™曲,EDY -エレクトリカルダンシングヨガ-,False,9,132.0,132.0,5,変則・技術譜面
ボーカロイド™曲,ゲラゲラと笑うな,False,9,79.0,180.0,3,体力・密度
ボーカロイド™曲,僕らの世界にダンスを,False,7,130.0,130.0,,
ボーカロイド™曲,おにぎりはどこかしら♪,False,9,176.0,176.0,5,総合力
ボーカロイド™曲,トオリヨ,False,8,184.0,184.0,1,高速処理・アイマス譜面
ボーカロイド™曲,もしもし神様,False,8,47.0,188.0,1,高速処理・アイマス譜面
ボーカロイド™曲,SstTAarR*,False,10,200.0,200.0,6,体力・密度
ボーカロイド™曲,ゴーストマスク,False,10,150.0,195.0,7,体力・密度
ボーカロイド™曲,花オト裏拍子,False,9,115.0,145.0,2,変則・技術譜面
ボーカロイド™曲,カラ鞠の花,False,10,148.0,148.0,6,複合処理能力
ボーカロイド™曲,珈琲の味と,False,9,185.0,185.0,6,体力・密度
ボーカロイド™曲,重金属フューギティブ,False,10,140.0,260.0,7,高速処理・アイマス譜面
ボーカロイド™曲,Eternal bond,False,8,170.0,170.0,2,体力・密度
ボーカロイド™曲,にんじんにん,False,8,160.0,160.0,1,変則・技術譜面
ボーカロイド™曲,ドキドキ恋の予感！？,False,7,165.0,165.0,,
ゲームミュージック,Radiant,False,8,176.0,176.0,,
ゲームミュージック,Break Through the Dome,False,9,190.0,190.0,,
ゲームミュージック,みんなのうた,False,10,174.0,174.0,,
ゲームミュージック,BRAND NEW STARS!!,False,6,117.5,117.5,,
ゲームミュージック,Walk with your smile,False,6,110.0,110.0,,
ゲームミュージック,BRIGHTEST STARS!!,False,7,144.0,288.0,,
ゲームミュージック,LIMIT BREAK DREAMERS,False,7,198.0,198.0,,
ゲームミュージック,スーパーマリオブラザーズ,False,8,100.0,180.0,,
ゲームミュージック,"Jump Up, Super Star! Short Version",False,8,204.0,204.0,,
ゲームミュージック,スプラトゥーン2 メドレー,False,7,140.0,195.0,,
ゲームミュージック,スプラトゥーン2 メドレー,True,9,140.0,195.0,,
ゲームミュージック,シオカラ節,False,7,145.0,145.0,,
ゲームミュージック,星のカービィメドレー,False,8,139.0,181.0,,
ゲームミュージック,メタナイトの逆襲メドレー,False,7,132.0,275.0,,
ゲームミュージック,メタナイトの逆襲メドレー,True,10,132.0,275.0,,
ゲームミュージック,ゼルダの伝説　ブレス オブ ザ ワイルド　メドレー,False,8,93.0,184.0,2,総合力
ゲームミュージック,モンスターハンター4 メドレー,False,8,84.0,150.0,,
ゲームミュージック,MEGALOVANIA,False,9,240.0,240.0,4,高速処理・アイマス譜面
ゲームミュージック,MEGALOVANIA,True,10,240.0,240.0,,
ゲームミュージック,夢と希望,False,8,170.68,170.68,,
ゲームミュージック,うまぴょい伝説,False,7,44.65,170.0,,
ゲームミュージック,うまぴょい伝説,True,9,44.65,170.0,,
ゲームミュージック,初音ミクの激唱,False,10,170.31,200.0,,
ゲームミュージック,初音ミクの激唱,True,10,170.31,200.0,,
ゲームミュージック,Unwelcome School (MRM REMIX),False,9,190.0,190.0,,
ゲームミュージック,Unwelcome School (MRM REMIX),True,10,190.0,190.0,,
ゲームミュージック,INTERNET YAMERO,False,9,185.0,185.0,,
ゲームミュージック,GO ON YA WAY(feat. 超学生),False,8,150.0,150.0,,
ゲームミュージック,妖怪ウォッチ2 元祖／本家／真打,False,9,97.0,140.0,,
ゲームミュージック,カ！カ！カ！カミズモード！,False,7,155.0,170.0,,
ゲームミュージック,JOIN THE PAC -太鼓の達人 Ver.-,False,9,114.0,205.0,3,複合処理能力
ゲームミュージック,ヒミツキチューバー,False,8,140.0,140.0,,
ゲームミュージック,ドルアーガの塔メドレー,False,8,188.0,188.0,1,総合力
ゲームミュージック,名乗り（天上）,False,8,98.0,158.0,1,複合処理能力
ゲームミュージック,ファミコンメドレー,False,9,85.85,257.5,3,変則・技術譜面
ゲームミュージック,スーパードラゴンボールヒーローズ　テーマソング,False,6,84.0,178.0,,
ゲームミュージック,ドラゴンボールヒーローズ 邪悪龍ミッションシリーズ テーマソング,False,6,89.0,178.0,,
ゲームミュージック,ドラゴンボールヒーローズ ゴッドミッションシリーズ テーマソング,False,7,148.0,180.0,,
ゲームミュージック,ドラゴンボールヒーローズ ギャラクシーミッションシリーズ テーマソング,False,6,165.0,165.0,,
ゲームミュージック,KAGEKIYO,False,8,130.0,130.0,1,複合処理能力
ゲームミュージック,KAGEKIYO,True,10,130.0,130.0,5,複合処理能力
ゲームミュージック,【双打】 KAGEKIYO,False,9,130.0,130.0,,
ゲームミュージック,【双打】 KAGEKIYO,True,10,130.0,130.0,,
ゲームミュージック,SHOGYO MUJO,False,9,148.0,148.0,3,複合処理能力
ゲームミュージック,Dr.WILY STAGE 1,False,8,112.5,180.0,2,体力・密度
ゲームミュージック,No Way Back,False,8,158.0,158.0,1,総合力
ゲームミュージック,No Way Back,True,9,158.0,158.0,4,複合処理能力
ゲームミュージック,無慈悲な王,False,7,150.0,150.0,,
ゲームミュージック,Wings of Tomorrow(Tatsujin Mix),False,9,160.0,160.0,3,複合処理能力
ゲームミュージック,ソウルキャリバーII,False,7,150.0,150.0,,
ゲームミュージック,【双打】 ソウルキャリバーII,False,7,150.0,150.0,,
ゲームミュージック,【双打】 ソウルキャリバーII,True,8,150.0,150.0,,
ゲームミュージック,太鼓のマーチ,False,7,145.0,145.0,,
ゲームミュージック,テイルズ オブ ジ アビス,False,8,128.0,183.0,1,複合処理能力
ゲームミュージック,光る闇,False,8,160.0,160.0,,
ゲームミュージック,Back to Life,False,6,105.0,105.0,,
ゲームミュージック,Ridge Racer,False,8,139.66,139.66,1,変則・技術譜面
ゲームミュージック,Ridge Racer,True,9,139.66,139.66,4,変則・技術譜面
ゲームミュージック,Kamikaze Remix,False,10,158.0,158.0,5,複合処理能力
ゲームミュージック,BLUE TOPAZ,False,8,130.6,130.6,1,総合力
ゲームミュージック,RAGE v.self,False,8,144.0,144.0,0,体力・密度
ゲームミュージック,EAT'EM UP!,False,8,152.0,152.0,2,変則・技術譜面
ゲームミュージック,URBAN FRAGMENTS,False,8,144.0,144.0,2,複合処理能力
ゲームミュージック,NAKED GLOW,False,9,133.05,133.05,3,複合処理能力
ゲームミュージック,Venomous,False,9,224.0,224.0,5,高速処理・アイマス譜面
ゲームミュージック,Venomous,True,10,224.0,224.0,6,高速処理・アイマス譜面
ゲームミュージック,Angel Halo,False,10,224.0,224.0,7,高速処理・アイマス譜面
ゲームミュージック,SAMURAI ROCKET,False,8,136.0,136.0,1,複合処理能力
ゲームミュージック,SAMURAI ROCKET,True,9,136.0,136.0,3,複合処理能力
ゲームミュージック,おしえて くまとも,False,8,135.0,135.0,,
ゲームミュージック,Night And Day,False,9,140.0,140.0,3,複合処理能力
ゲームミュージック,Comona,False,9,138.0,138.0,3,変則・技術譜面
ゲームミュージック,IN THE ZONE,False,9,172.0,172.0,4,総合力
ゲームミュージック,キミとボクのミライ,False,6,178.0,178.0,,
ゲームミュージック,ソラのミチシルベ,False,7,160.0,160.0,,
ゲームミュージック,ワンダーモモーイ,False,7,175.0,175.0,,
ゲームミュージック,Doom Noiz,False,10,160.0,160.0,7,複合処理能力
ゲームミュージック,Lightning Dance,False,8,153.0,153.0,1,変則・技術譜面
ゲームミュージック,TO MAKE THE END OF BATTLE,False,7,232.4,232.4,0,高速処理・アイマス譜面
ゲームミュージック,Walking Through The Towers,False,7,150.0,150.0,,
ゲームミュージック,Holding Hands,False,7,146.0,146.0,,
ゲームミュージック,Unite The Force,False,8,156.0,156.0,1,複合処理能力
ゲームミュージック,バトル－電光石火－,False,8,138.0,160.0,0,複合処理能力
ゲームミュージック,決戦！！,False,8,154.0,154.0,1,複合処理能力
ゲームミュージック,筋肉のような僕ら ～マッスル愛のテーマ～,False,8,182.0,182.0,2,体力・密度
ゲームミュージック,PaPaPa Love ～マッスル喜びのテーマ～,False,8,169.0,169.0,,
ゲームミュージック,ピコピコ マッピー,False,8,124.0,124.0,3,変則・技術譜面
ゲームミュージック,The Windmill Song,False,8,125.0,125.0,2,変則・技術譜面
ゲームミュージック,GOING TO LUNATEA,False,8,248.0,248.0,,
ゲームミュージック,Good-bye my earth,False,8,106.0,160.0,1,複合処理能力
ゲームミュージック,BLAZING VORTEX,False,7,173.0,173.0,0,体力・密度
ゲームミュージック,BLAZING VORTEX,True,10,173.0,173.0,8,体力・密度
ゲームミュージック,Sunset Runaway,False,9,130.0,226.0,4,変則・技術譜面
ゲームミュージック,Racing the Storm,False,8,148.0,148.0,3,複合処理能力
ゲームミュージック,Wasabi Body Blow,False,9,180.0,180.0,5,体力・密度
ゲームミュージック,KARMA(Tatsujin Mix),False,9,145.0,145.0,3,複合処理能力
ゲームミュージック,Heat Haze Shadow 2,False,9,174.0,174.0,4,体力・密度
ゲームミュージック,Abyss of hell,False,8,165.0,165.0,1,変則・技術譜面
ゲームミュージック,Abyss of hell,True,10,165.0,165.0,6,複合処理能力
ゲームミュージック,Abandoned Temple Final 2nd,False,9,276.0,276.0,5,複合処理能力
ゲームミュージック,Highschool love!,False,7,138.0,138.0,,
ゲームミュージック,グレート！アニマルカイザー!!,False,8,172.0,172.0,,
ゲームミュージック,大打音,False,8,135.0,135.0,3,複合処理能力
ゲームミュージック,チェインクロニクル 通常バトルメドレー,False,8,136.0,165.0,1,体力・密度
ゲームミュージック,チェインクロニクル 通常バトルメドレー,True,9,136.0,165.0,4,総合力
ゲームミュージック,チェインクロニクル 最終決戦メドレー,False,8,136.0,172.0,1,体力・密度
ゲームミュージック,チェインクロニクル 最終決戦メドレー,True,9,136.0,172.0,4,総合力
ゲームミュージック,チェインクロニクル 総力戦メドレー,False,7,120.0,159.0,,
ゲームミュージック,チェインクロニクル 総力戦メドレー,True,9,120.0,159.0,2,体力・密度
ゲームミュージック,シンフォニック ドルアーガ,False,7,87.0,171.0,,
ゲームミュージック,Where is the Target?,False,9,223.0,230.0,4,変則・技術譜面
ゲームミュージック,アサルト BGM1,False,8,114.95,114.95,1,変則・技術譜面
ゲームミュージック,アサルト BGM1,True,9,114.95,114.95,,
ゲームミュージック,指先からはじまる物語,False,8,127.0,190.0,4,体力・密度
ゲームミュージック,戦え！ T3防衛隊 ～GDI mix～,False,8,142.0,142.0,0,複合処理能力
ゲームミュージック,PAC-MAN CHAMPIONSHIP EDITION 2,False,9,150.0,150.0,5,変則・技術譜面
ゲームミュージック,Pastel Sealane,False,9,140.1,140.1,5,変則・技術譜面
ゲームミュージック,メタルホーク BGM1,False,10,153.25,153.25,4,複合処理能力
ゲームミュージック,Diver,False,9,136.0,136.0,1,高速処理・アイマス譜面
ゲームミュージック,くらえ！ブットバースト!!,False,6,202.0,202.0,,
ゲームミュージック,ナックルヘッズ,False,8,138.07,138.07,1,複合処理能力
ゲームミュージック,恋はみずいろ,False,7,154.0,154.0,,
ゲームミュージック,ドラゴンスピリットメドレー,False,7,175.0,175.0,,
ゲームミュージック,バーニングフォースメドレー,False,8,195.03,195.03,1,高速処理・アイマス譜面
ゲームミュージック,TD - 28619029byte remix -,False,9,150.11,150.11,5,複合処理能力
ゲームミュージック,ダンスロボットダンス,False,9,190.0,190.0,,
ゲームミュージック,撥条少女時計,False,8,88.0,134.0,,
ゲームミュージック,グラーヴェ,False,8,185.0,185.0,,
ゲームミュージック,アルカリレットウセイ,False,7,158.0,158.0,,
ゲームミュージック,バイオレンストリガー,False,9,196.0,196.0,,
ゲームミュージック,ハイスペックニート,False,8,220.0,220.0,,
ゲームミュージック,カンタービレ×パッシオーネ,False,7,160.0,160.0,,
ゲームミュージック,カンタービレ×パッシオーネ,True,9,160.0,160.0,,
ゲームミュージック,残響,False,6,140.0,280.0,,
ゲームミュージック,残響,True,9,140.0,280.0,,
ゲームミュージック,レトロマニア狂想曲,False,8,180.0,220.0,,
ゲームミュージック,キレキャリオン,False,8,170.0,170.0,,
ゲームミュージック,なんどでも笑おう,False,7,77.5,155.0,,
ゲームミュージック,THE IDOLM@STER,False,8,165.0,165.0,,
ゲームミュージック,THE IDOLM@STER,True,8,165.0,165.0,,
ゲームミュージック,アイ MUST GO!,False,8,107.0,107.0,,
ゲームミュージック,お願い！シンデレラ,False,7,175.0,175.0,,
ゲームミュージック,エンジェル ドリーム,False,8,180.0,180.0,,
ゲームミュージック,Tulip,False,6,154.0,154.0,,
ゲームミュージック,Tulip,True,9,154.0,154.0,,
ゲームミュージック,Star!!,False,6,178.0,178.0,,
ゲームミュージック,Star!!,True,9,178.0,178.0,,
ゲームミュージック,GOIN'!!!,False,6,178.0,178.0,,
ゲームミュージック,GOIN'!!!,True,8,178.0,178.0,,
ゲームミュージック,Shine!!,False,6,174.0,174.0,,
ゲームミュージック,Shine!!,True,9,174.0,174.0,,
ゲームミュージック,あんずのうた,False,7,195.0,195.0,,
ゲームミュージック,S(mile)ING!,False,6,178.0,178.0,,
ゲームミュージック,Never say never,False,8,156.0,156.0,,
ゲームミュージック,華蕾夢ミル狂詩曲～魂ノ導～,False,8,184.0,184.0,,
ゲームミュージック,華蕾夢ミル狂詩曲～魂ノ導～,True,9,184.0,184.0,,
ゲームミュージック,TOKIMEKIエスカレート,False,6,140.0,140.0,,
ゲームミュージック,TOKIMEKIエスカレート,True,9,140.0,140.0,,
ゲームミュージック,ミツボシ☆☆★,False,6,175.0,175.0,,
ゲームミュージック,ミツボシ☆☆★,True,9,175.0,175.0,,
ゲームミュージック,Thank You!,False,8,177.0,177.0,,
ゲームミュージック,Brand New Theater!,False,8,177.0,177.0,,
ゲームミュージック,Rat A Tat!!!,False,5,192.0,192.0,,
ゲームミュージック,Rat A Tat!!!,True,9,192.0,192.0,,
ゲームミュージック,マジで…！？,False,8,140.0,140.0,,
ゲームミュージック,魔法をかけて！,False,7,150.0,150.0,,
ゲームミュージック,魔法をかけて！,True,6,150.0,150.0,,
ゲームミュージック,GO MY WAY!!,False,7,180.0,180.0,,
ゲームミュージック,キラメキラリ,False,9,180.0,180.0,,
ゲームミュージック,shiny smile,False,8,170.0,170.0,,
ゲームミュージック,shiny smile,True,7,170.0,170.0,,
ゲームミュージック,The world is all one !!,False,5,167.0,167.0,,
ゲームミュージック,SMOKY THRILL,False,8,146.0,146.0,,
ゲームミュージック,READY!!,False,6,174.0,174.0,,
ゲームミュージック,自分REST@RT,False,7,171.0,171.0,,
ゲームミュージック,自分REST@RT,True,9,171.0,171.0,,
ゲームミュージック,M@STERPIECE,False,6,111.0,128.0,,
ゲームミュージック,待ち受けプリンス,False,9,144.0,144.0,,
ゲームミュージック,きゅんっ！ヴァンパイアガール,False,6,145.0,145.0,,
ゲームミュージック,七彩ボタン,False,7,128.0,128.0,,
ゲームミュージック,Honey Heartbeat ～10 Stars Mix～,False,9,142.0,284.0,,
ゲームミュージック,Honey Heartbeat ～10 Stars Mix～,True,10,142.0,284.0,,
ゲームミュージック,ONLY MY NOTE,False,6,182.0,182.0,,
ゲームミュージック,DRIVE A LIVE,False,7,140.0,140.0,,
ゲームミュージック,Reason!!,False,6,190.0,190.0,,
ゲームミュージック,GLORIOUS RO@D,False,7,128.0,128.0,,
ゲームミュージック,ツバサグラビティ,False,7,163.0,163.0,,
ゲームミュージック,LUNATiC CiRCUiT,False,10,150.0,340.0,,
ゲームミュージック,Synthesis.,False,9,180.0,180.0,,
ゲームミュージック,Synthesis.,True,10,180.0,180.0,,
ゲームミュージック,Saika,False,8,128.0,128.0,1,変則・技術譜面
ゲームミュージック,ANiMA,False,10,183.5,183.5,7,体力・密度
ゲームミュージック,MagiCatz,False,10,134.0,233.0,6,変則・技術譜面
ゲームミュージック,Wish upon a shooting star,False,9,128.0,128.0,2,複合処理能力
ゲームミュージック,Leviathan,False,9,110.0,185.0,4,総合力
ゲームミュージック,Over Clock～開放～,False,8,180.0,180.0,2,高速処理・アイマス譜面
ゲームミュージック,FLOWER,False,9,346.0,346.0,4,変則・技術譜面
ゲームミュージック,FLOWER,True,10,346.0,346.0,8,複合処理能力
ゲームミュージック,Scars of FAUNA,False,9,165.0,165.0,4,総合力
ゲームミュージック,マサカリブレイド,False,9,194.0,194.0,4,高速処理・アイマス譜面
ゲームミュージック,極圏,False,10,207.0,207.0,8,体力・密度
ゲームミュージック,GERBERA,False,10,205.0,205.0,8,複合処理能力
ゲームミュージック,Garakuta Doll Play,False,9,256.0,256.0,4,高速処理・アイマス譜面
ゲームミュージック,Garakuta Doll Play,True,10,256.0,256.0,7,高速処理・アイマス譜面
ゲームミュージック,【双打】 Garakuta Doll Play,False,9,256.0,256.0,,
ゲームミュージック,【双打】 Garakuta Doll Play,True,10,256.0,256.0,,
ゲームミュージック,VERTeX,False,10,237.0,237.0,8,変則・技術譜面
ゲームミュージック,怒槌,False,10,100.0,200.0,8,体力・密度
ゲームミュージック,Xevel,False,10,176.0,185.0,9,総合力
ゲームミュージック,業 -善なる神とこの世の悪について-,False,9,47.5,380.0,5,総合力
ゲームミュージック,業 -善なる神とこの世の悪について-,True,10,47.5,380.0,10,総合力
ゲームミュージック,ミュージック・リボルバー,False,4,168.0,168.0,,
ゲームミュージック,ミュージック・リボルバー,True,10,168.0,168.0,7,複合処理能力
ゲームミュージック,【双打】 ミュージック・リボルバー,False,6,168.0,168.0,,
ゲームミュージック,Extreme MGG★★★,False,5,120.0,240.0,,
ゲームミュージック,Extreme MGG★★★,True,9,120.0,240.0,5,複合処理能力
ゲームミュージック,【双打】 Extreme MGG★★★,False,9,120.0,240.0,,
ゲームミュージック,Got more raves?,False,9,266.0,266.0,5,変則・技術譜面
ゲームミュージック,Got more raves?,True,10,266.0,266.0,7,変則・技術譜面
ゲームミュージック,FUJIN Rumble,False,10,192.0,192.0,7,総合力
ゲームミュージック,Scarlet Lance,False,10,185.0,185.0,8,総合力
ゲームミュージック,ouroboros ‐twin stroke of the end‐,False,10,188.0,188.0,9,総合力
ゲームミュージック,電車で電車でGO!GO!GO!GC! - GMT remix -,False,8,134.0,134.0,1,複合処理能力
ゲームミュージック,オパ！オパ！RACER - GMT mashup -,False,9,172.0,172.0,3,変則・技術譜面
ゲームミュージック,ファンタジーゾーン OPA-OPA! - GMT remix -,False,7,142.0,142.0,0,複合処理能力
ゲームミュージック,電車で電車でOPA!OPA!OPA! - GMT mashup -,False,8,134.0,268.0,2,総合力
ゲームミュージック,RIDGE RACER STEPS - GMT remix -,False,9,240.0,240.0,3,変則・技術譜面
ゲームミュージック,リッジでリッジでGO!GO!GO! - GMT mashup -,False,9,146.0,146.0,3,変則・技術譜面
ゲームミュージック,夜明けまであと3秒,False,9,177.0,182.0,5,総合力
ゲームミュージック,Synchronicity,False,8,130.0,130.0,0,複合処理能力
ゲームミュージック,カノン (シンクロニカ Remix),False,8,124.0,224.0,1,変則・技術譜面
ゲームミュージック,New World,False,9,177.0,177.0,5,変則・技術譜面
ゲームミュージック,God Ray,False,10,74.0,172.0,7,複合処理能力
ゲームミュージック,サクラ・シークレット,False,9,145.0,160.0,4,複合処理能力
ゲームミュージック,Surf Zapping,False,10,100.0,200.0,7,高速処理・アイマス譜面
ゲームミュージック,シンクロニカ・エアライン,False,9,140.0,140.0,6,複合処理能力
ゲームミュージック,ゆらめ,False,9,61.0,121.0,5,変則・技術譜面
ゲームミュージック,駆け抜けてゆく,False,8,178.0,178.0,0,複合処理能力
ゲームミュージック,せかいのおと - sekai note -,False,8,160.0,160.0,0,変則・技術譜面
ゲームミュージック,Libera Ray,False,10,116.0,232.0,6,複合処理能力
ゲームミュージック,Crystal Hail,False,9,150.0,150.0,4,総合力
ゲームミュージック,"AtoZ,I leave toZ",False,9,190.0,190.0,4,体力・密度
ゲームミュージック,あめふりのロンド,False,8,210.0,210.0,,
ゲームミュージック,あめふりのロンド,True,10,210.0,210.0,,
ゲームミュージック,Genesis Ray,False,8,46.67,280.0,,
ゲームミュージック,Genesis Ray,True,10,46.67,280.0,,
バラエティ,GAME CHANGER,False,7,208.0,208.0,,
バラエティ,"Help me, さいたま2000!!",False,10,240.0,240.0,,
バラエティ,"Help me, ERINNNNNN!!",False,8,183.0,183.0,2,複合処理能力
バラエティ,リヒト,False,7,165.0,165.0,,
バラエティ,リヒト,True,9,165.0,165.0,,
バラエティ,Neon Sign,False,8,120.0,120.0,,
バラエティ,Chronomia,False,10,113.5,227.0,,
バラエティ,Destr0yer,False,7,45.0,180.0,,
バラエティ,Destr0yer,True,10,45.0,180.0,7,変則・技術譜面
バラエティ,Brain Power,False,9,170.0,173.0,4,体力・密度
バラエティ,Re：End of a Dream,False,7,106.0,212.0,,
バラエティ,Re：End of a Dream,True,10,106.0,212.0,7,総合力
バラエティ,good night baby (feat. Moe Shop),False,7,125.0,125.0,,
バラエティ,Crush (Prod. SHOW),False,7,130.0,130.0,,
バラエティ,"IAM (feat. Shogo, Tsubasa)",False,7,138.0,138.0,,
バラエティ,爆裂タウマゼイン (Prod. チバニャン),False,8,180.0,180.0,,
バラエティ,アキバ20XX,False,10,210.0,210.0,7,体力・密度
バラエティ,Hand Over (Prod. TEMPLIME),False,9,140.0,140.0,5,変則・技術譜面
バラエティ,Hyper Bass (feat. Yunomi),False,9,180.0,180.0,3,体力・密度
バラエティ,いただきバベル (Prod. ケンモチヒデフミ),False,8,142.0,142.0,1,変則・技術譜面
バラエティ,Shining Lights (feat. PSYQUI),False,9,170.0,170.0,3,体力・密度
バラエティ,アイドル狂戦士(feat.佐藤貴文),False,7,195.0,195.0,,
バラエティ,アイドル狂戦士(feat.佐藤貴文),True,9,195.0,195.0,6,体力・密度
バラエティ,Mani Mani(Prod. TAKU INOUE),False,8,134.0,134.0,,
バラエティ,Favorite Days,False,8,140.0,140.0,,
バラエティ,Aleph-0,False,10,10.0,397.51,6,高速処理・アイマス譜面
バラエティ,Doppelgangers,False,8,52.0,208.0,,
バラエティ,Doppelgangers,True,10,52.0,208.0,6,体力・密度
バラエティ,Kill My Fortune,False,7,180.0,180.0,,
バラエティ,Kill My Fortune,True,10,180.0,180.0,7,体力・密度
バラエティ,もぺもぺ,False,10,6.25,300.0,7,複合処理能力
バラエティ,Aragami,False,10,65.0,196.0,8,複合処理能力
バラエティ,Parousia,False,10,79.0,158.0,8,複合処理能力
バラエティ,FREEDOM DiVE↓,False,10,222.22,222.22,7,高速処理・アイマス譜面
バラエティ,BATTLE NO.1,False,10,200.0,200.0,,
バラエティ,Connected World,False,8,160.0,160.0,0,体力・密度
バラエティ,twinkle night (feat. somunia),False,7,174.0,174.0,,
バラエティ,twinkle night (feat. somunia),True,9,174.0,174.0,4,体力・密度
バラエティ,やわらか戦車,False,6,150.0,150.0,,
バラエティ,やわらか戦車,True,9,150.0,150.0,,
バラエティ,Dogbite,False,10,195.0,195.0,7,体力・密度
バラエティ,waitin' for u,False,10,180.0,180.0,4,総合力
バラエティ,ALiVE,False,9,170.0,170.0,4,体力・密度
バラエティ,B.B.K.K.B.K.K.,False,9,170.0,170.0,5,総合力
バラエティ,Dreadnought,False,9,96.0,384.0,4,体力・密度
バラエティ,Dreadnought,True,10,96.0,384.0,9,総合力
バラエティ,Altale,False,8,83.0,180.0,,
バラエティ,Altale,True,10,83.0,180.0,7,総合力
バラエティ,Pixel Galaxy,False,9,300.0,302.0,3,複合処理能力
バラエティ,conflict,False,9,160.0,160.0,2,複合処理能力
バラエティ,エビカニクス,False,6,141.0,141.0,,
バラエティ,ペンパイナッポーアッポーペン（PPAP）,False,7,118.0,296.0,,
バラエティ,本能寺の変,False,8,215.0,215.0,0,高速処理・アイマス譜面
バラエティ,ラッスンゴレライ,False,7,167.0,167.0,,
バラエティ,ラッスンゴレライ,True,9,167.0,167.0,4,体力・密度
バラエティ,PERFECT HUMAN,False,8,128.0,128.0,,
バラエティ,くまもとサプライズ！,False,6,150.0,150.0,,
バラエティ,Dive to Blue,False,8,72.74,186.0,,
バラエティ,Marine Mirage,False,6,170.0,170.0,,
バラエティ,RAINMAKER,False,8,165.0,165.0,,
バラエティ,ココロ転がせっ！,False,5,144.0,144.0,,
バラエティ,おさかな毎日！さかなクン,False,7,123.0,123.0,,
バラエティ,Asteroid,False,9,144.0,288.0,4,複合処理能力
バラエティ,スーパーD＆D ～完全にリードしてアイマイミー～,False,10,180.0,180.0,6,体力・密度
バラエティ,D絶対！SAMURAIインザレイン,False,8,220.0,220.0,2,高速処理・アイマス譜面
バラエティ,D絶対！SAMURAIインザレイン,True,10,220.0,220.0,8,体力・密度
バラエティ,INSPION,False,10,296.0,296.0,5,体力・密度
バラエティ,Calamity Fortune,False,10,200.0,200.0,7,体力・密度
バラエティ,Calamity Fortune,True,10,200.0,200.0,10,総合力
バラエティ,郢曲／暁闇,False,10,140.0,140.0,8,複合処理能力
バラエティ,深緋の心臓 -SCARLET HEART-,False,8,130.0,143.0,1,複合処理能力
バラエティ,ライコタイコディスコ,False,8,144.0,144.0,0,変則・技術譜面
バラエティ,Ladystar Wandering,False,8,130.0,130.0,2,変則・技術譜面
バラエティ,サクラ・シークレット,False,9,145.0,160.0,,
バラエティ,NeGa/PoSi*ラブ/コール,False,6,166.0,170.0,,
バラエティ,NeGa/PoSi*ラブ/コール,True,8,166.0,170.0,,
バラエティ,Endless Seeker,False,8,163.0,163.0,1,総合力
バラエティ,Scream out！ -達人Edit.-,False,8,165.0,165.0,1,総合力
バラエティ,Scream out！ -達人Edit.-,True,9,165.0,165.0,5,総合力
バラエティ,幻想のサテライト,False,9,230.0,230.0,5,高速処理・アイマス譜面
バラエティ,ケロ⑨destiny,False,9,172.0,172.0,5,複合処理能力
バラエティ,仙酌絶唱のファンタジア,False,9,82.0,160.0,2,高速処理・アイマス譜面
バラエティ,明星ロケット,False,8,168.0,168.0,1,複合処理能力
バラエティ,幻想に咲いた花,False,8,120.0,186.0,,
バラエティ,ネクロファンタジア ～ Arr.Demetori,False,10,180.0,180.0,5,体力・密度
バラエティ,Grip & Break down !! -達人Edit.-,False,7,160.0,160.0,,
バラエティ,Grip & Break down !! -達人Edit.-,True,9,160.0,160.0,3,複合処理能力
バラエティ,月に叢雲華に風,False,8,160.0,160.0,,
バラエティ,泡沫、哀のまほろば,False,8,155.0,155.0,,
バラエティ,色は匂へど散りぬるを,False,8,138.0,138.0,,
バラエティ,Bad Apple!! feat.nomico,False,8,138.0,138.0,,
バラエティ,患部で止まってすぐ溶ける ～ 狂気の優曇華院,False,9,40.0,200.0,6,体力・密度
バラエティ,魔理沙は大変なものを盗んでいきました,False,9,170.0,170.0,4,体力・密度
バラエティ,元祖！天才チルノちゃん☆,False,9,185.0,185.0,5,体力・密度
バラエティ,!!!チルノのパーフェクトさんすうタイム!!!,False,10,140.0,290.0,,
バラエティ,チルノのパーフェクトさんすう教室 ⑨周年バージョン,False,9,1.97,350.0,3,体力・密度
バラエティ,チルノのパーフェクトさんすう教室 ⑨周年バージョン,True,10,1.97,350.0,8,複合処理能力
バラエティ,チルノのパーフェクトさんすう教室,False,8,43.75,175.0,1,体力・密度
バラエティ,チルノのパーフェクトさんすう教室,True,10,43.75,175.0,6,体力・密度
バラエティ,スカーレット警察のゲットーパトロール24時,False,8,157.0,160.0,,
バラエティ,スカーレット警察のゲットーパトロール24時,True,9,157.0,160.0,5,総合力
バラエティ,ウサテイ,False,9,190.0,190.0,2,体力・密度
バラエティ,マツヨイナイトバグ,False,8,190.0,190.0,,
バラエティ,マツヨイナイトバグ,True,10,190.0,190.0,7,体力・密度
バラエティ,最終鬼畜妹フランドール・S,False,10,200.0,200.0,7,体力・密度
バラエティ,ナイト・オブ・ナイツ,False,9,180.0,180.0,3,体力・密度
クラシック,トルコ行進曲,False,7,113.0,144.0,,
クラシック,トルコ行進曲,True,9,113.0,144.0,,
クラシック,交響曲第五番「運命」,False,6,190.0,190.0,,
クラシック,ラ・カンパネラ,False,7,78.0,117.0,,
クラシック,ラ・カンパネラ,True,9,78.0,117.0,,
クラシック,名古屋ばやし,False,7,112.0,112.0,,
クラシック,オー・ソレ・ミオ,False,8,97.0,148.0,,
クラシック,アメリカンパトロール,False,7,200.0,200.0,,
クラシック,河内音頭 ～ふしづくし～,False,6,66.77,140.0,,
クラシック,其方、激昂,False,10,84.94,190.0,8,総合力
クラシック,まおぅ,False,8,140.0,140.0,2,複合処理能力
クラシック,クラポルポルスカ,False,10,50.0,150.0,6,複合処理能力
クラシック,パリのアメリカ人,False,8,63.0,112.0,,
クラシック,火星,False,7,60.0,160.0,,
クラシック,クラシックメドレー（ロック編）,False,8,145.0,145.0,2,変則・技術譜面
クラシック,カルメン 組曲一番終曲,False,7,120.0,120.0,,
クラシック,カルメン 組曲一番終曲,True,10,120.0,120.0,,
クラシック,天国と地獄 序曲,False,6,160.0,160.0,,
クラシック,ウィリアム・テル序曲,False,7,152.0,152.0,,
クラシック,チャーリー ダッシュ！,False,10,49.0,320.0,10,高速処理・アイマス譜面
クラシック,カレ・カノ・カノン,False,8,180.0,180.0,1,高速処理・アイマス譜面
クラシック,カノン (シンクロニカ Remix),False,8,124.0,224.0,,
クラシック,New World,False,9,177.0,177.0,,
クラシック,熊蜂の飛行,False,9,116.0,151.0,4,複合処理能力
クラシック,第九交響曲,False,6,89.0,178.0,,
クラシック,交響曲第7番から,False,7,120.0,162.0,,
クラシック,白鳥の湖,False,9,240.0,240.0,3,高速処理・アイマス譜面
クラシック,白鳥の湖,True,10,240.0,240.0,7,高速処理・アイマス譜面
クラシック,練習曲Op.10-4,False,9,125.0,177.0,5,複合処理能力
クラシック,練習曲Op.10-4,True,10,125.0,177.0,7,複合処理能力
クラシック,幻想即興曲,False,9,114.0,230.0,4,変則・技術譜面
クラシック,千鼓千鼓,False,9,117.0,155.0,6,複合処理能力
クラシック,弩蚊怒夏,False,10,50.0,220.0,9,複合処理能力
クラシック,「ルスランとリュドミラ」序曲,False,8,158.0,180.0,1,複合処理能力
クラシック,道化師の朝の歌,False,8,150.0,158.0,1,高速処理・アイマス譜面
クラシック,美しく忙しきドナウ,False,8,134.0,240.0,2,変則・技術譜面
クラシック,美しく忙しきドナウ,True,10,134.0,240.0,8,総合力
クラシック,クープランの墓,False,8,140.0,140.0,2,変則・技術譜面
クラシック,亡き王女のためのパヴァーヌ,False,6,96.0,137.0,,
クラシック,亡き王女のためのパヴァーヌ,True,8,96.0,137.0,0,複合処理能力
クラシック,メヌエット,False,9,130.0,130.0,3,変則・技術譜面
クラシック,夜想曲Op.9-2,False,8,192.0,192.0,1,変則・技術譜面
クラシック,プチポチ,False,10,140.0,162.0,8,複合処理能力
クラシック,ハンロック,False,10,90.0,213.0,6,複合処理能力
クラシック,トッカータとフーガとロック,False,9,143.0,143.0,4,複合処理能力
クラシック,サーフサイド・サティ,False,8,150.0,150.0,1,複合処理能力
クラシック,ヘ調の協奏曲 第3楽章,False,9,70.0,157.0,2,変則・技術譜面
クラシック,ロシア民謡メドレー,False,7,100.0,146.0,,
クラシック,おおブレネリ,False,6,118.0,130.0,,
ナムコオリジナル,ピッチフェイダ,False,9,135.0,250.0,,
ナムコオリジナル,【限定】 うなぎのたましいロック,False,5,195.0,195.0,,
ナムコオリジナル,案山子姫 -Princess Scarecrow-,False,8,125.0,250.0,,
ナムコオリジナル,Lightning Boys,False,10,225.0,225.0,,
ナムコオリジナル,siren's eye,False,10,54.0,324.0,,
ナムコオリジナル,閃光天舞,False,10,198.0,198.0,,
ナムコオリジナル,SoulStone -闇喰イサァカス団-,False,10,77.0,212.0,,
ナムコオリジナル,ミンナノカキゴオリ,False,9,143.0,143.0,,
ナムコオリジナル,Taiko Session,False,7,140.0,140.0,,
ナムコオリジナル,Taiko Session,True,9,140.0,140.0,,
ナムコオリジナル,UNBIAS,False,8,160.0,160.0,,
ナムコオリジナル,ダーク・エクス・マキナ♡,False,10,99.0,432.0,,
ナムコオリジナル,潮騒205号SSS線,False,10,200.0,200.0,,
ナムコオリジナル,雲間を游ぐ,False,10,112.0,256.0,,
ナムコオリジナル,Ka.Ma.Se,False,8,180.0,180.0,,
ナムコオリジナル,RAGING FIRE,False,8,300.0,300.0,,
ナムコオリジナル,EXRiXiS,False,9,185.0,350.0,,
ナムコオリジナル,沓の子を打つ,False,8,155.0,310.0,,
ナムコオリジナル,沓の子を打つ,True,10,155.0,310.0,,
ナムコオリジナル,Extreme End,False,10,300.0,300.0,,
ナムコオリジナル,ハイテンション☆暗記SHOW!,False,9,188.0,188.0,,
ナムコオリジナル,トロいか2000,False,10,156.0,312.0,,
ナムコオリジナル,蒼鷺之火,False,9,174.0,174.0,,
ナムコオリジナル,蒼鷺之火,True,10,174.0,174.0,,
ナムコオリジナル,Argent Memories,False,9,152.0,152.0,,
ナムコオリジナル,宝の丘,False,7,206.0,206.0,,
ナムコオリジナル,宝の丘,True,9,206.0,206.0,,
ナムコオリジナル,Soulway,False,10,185.0,185.0,,
ナムコオリジナル,Singularity Game,False,10,157.5,225.0,,
ナムコオリジナル,歌劇「リコレクトブルー」,False,9,132.0,193.0,,
ナムコオリジナル,蛇鉄,False,10,158.0,316.0,,
ナムコオリジナル,CRUXNAUT,False,10,303.0,303.0,,
ナムコオリジナル,くりんぼ！,False,8,60.0,153.0,,
ナムコオリジナル,リトルホワイトウィッチ,False,9,246.0,246.0,,
ナムコオリジナル,魔法式逃走奇譚☆ミ,False,9,164.0,164.0,,
ナムコオリジナル,わすれなぐさ,False,9,130.0,130.0,,
ナムコオリジナル,"Help me, さいたま2000!!",False,10,240.0,240.0,,
ナムコオリジナル,全力Dive,False,7,145.0,145.0,,
ナムコオリジナル,モルフォ,False,9,180.0,180.0,,
ナムコオリジナル,イオシス秋の爆食祭2024,False,10,44.5,178.0,,
ナムコオリジナル,魔導幻想曲,False,9,150.0,150.0,,
ナムコオリジナル,女神な世界 Ⅲ,False,8,162.0,162.0,,
ナムコオリジナル,響け！太鼓の達人,False,8,165.0,165.0,,
ナムコオリジナル,for Q,False,9,260.0,260.0,,
ナムコオリジナル,for Q,True,10,260.0,260.0,,
ナムコオリジナル,オペレート・ミー,False,9,63.75,510.0,,
ナムコオリジナル,オペレート・ミー,True,10,63.75,510.0,,
ナムコオリジナル,Irregular Clock,False,9,135.0,270.0,,
ナムコオリジナル,Irregular Clock,True,10,135.0,270.0,,
ナムコオリジナル,POLARiSNAUT,False,10,226.0,226.0,,
ナムコオリジナル,who are you? who are you?,False,7,194.0,194.0,,
ナムコオリジナル,who are you? who are you?,True,9,194.0,194.0,,
ナムコオリジナル,空想打破,False,8,180.0,180.0,,
ナムコオリジナル,GIGALODOON,False,10,200.0,240.0,,
ナムコオリジナル,GIGALODOON,True,10,200.0,240.0,,
ナムコオリジナル,七色ハーモニー,False,8,145.0,145.0,,
ナムコオリジナル,雲の彼方の大地の風,False,9,130.0,130.0,,
ナムコオリジナル,大多羅捌伍伍壱,False,9,111.0,150.0,,
ナムコオリジナル,ココドコ？多分ドッカ島！,False,8,6.0,250.0,,
ナムコオリジナル,ココドコ？多分ドッカ島！,True,10,6.0,250.0,,
ナムコオリジナル,いっそこのままで,False,9,190.0,190.0,4,体力・密度
ナムコオリジナル,濃紅,False,10,220.0,220.0,7,高速処理・アイマス譜面
ナムコオリジナル,ヘイラ,False,9,220.0,220.0,3,高速処理・アイマス譜面
ナムコオリジナル,ヘイラ,True,10,220.0,220.0,7,体力・密度
ナムコオリジナル,エンジェル ドリーム,False,8,180.0,180.0,,
ナムコオリジナル,エンジェル ドリーム,True,9,180.0,180.0,4,体力・密度
ナムコオリジナル,CYBERgenicALICE,False,9,185.0,185.0,6,体力・密度
ナムコオリジナル,Fly away,False,7,200.0,200.0,0,高速処理・アイマス譜面
ナムコオリジナル,ボクハシンセ,False,8,110.0,110.0,2,変則・技術譜面
ナムコオリジナル,マリオネットピュア,False,9,84.51,132.0,3,複合処理能力
ナムコオリジナル,Phoenix,False,7,168.0,168.0,,
ナムコオリジナル,ファミレスウォーズ,False,8,190.0,190.0,2,変則・技術譜面
ナムコオリジナル,miracle shooting star,False,8,180.0,180.0,,
ナムコオリジナル,SAVAGE DELIGHT,False,10,13.9,139.0,,
ナムコオリジナル,サラえる,False,9,270.0,270.0,,
ナムコオリジナル,キャラメル・ジャンキヰ,False,10,187.5,250.0,,
ナムコオリジナル,†††カオスタイム the DARK†††,False,10,64.0,330.01,,
ナムコオリジナル,とける,False,10,6.9,221.0,,
ナムコオリジナル,とける,True,10,6.9,221.0,,
ナムコオリジナル,星座わーど,False,7,160.0,160.0,,
ナムコオリジナル,卓球de脱臼,False,8,120.0,120.0,,
ナムコオリジナル,風魔モジュール6768,False,7,212.0,212.0,,
ナムコオリジナル,風魔モジュール6768,True,9,212.0,212.0,,
ナムコオリジナル,トンデ・ミテ,False,9,132.0,132.0,,
ナムコオリジナル,電脳幻夜の星言詠,False,10,237.0,237.0,,
ナムコオリジナル,転生〈TENSEI〉-喜与志が待つ強者-,False,8,60.0,279.0,,
ナムコオリジナル,転生〈TENSEI〉-喜与志が待つ強者-,True,10,60.0,279.0,,
ナムコオリジナル,ロケットモード,False,8,190.0,190.0,,
ナムコオリジナル,最果の魔法使い,False,9,210.0,210.0,,
ナムコオリジナル,最果の魔法使い,True,10,210.0,210.0,,
ナムコオリジナル,大勇者タツドン ～最強のマイバチ伝説～,False,8,105.0,152.0,,
ナムコオリジナル,デザートde焼肉（サハラ編）,False,9,125.0,125.0,,
ナムコオリジナル,女神な世界 Ⅰ,False,9,168.0,168.0,,
ナムコオリジナル,モノクロームユートピア,False,10,112.0,168.0,,
ナムコオリジナル,Mood Swing,False,7,158.0,316.0,,
ナムコオリジナル,Mood Swing,True,10,158.0,316.0,,
ナムコオリジナル,!!!チルノのパーフェクトさんすうタイム!!!,False,10,140.0,290.0,,
ナムコオリジナル,RHYTHM CONNECT,False,8,122.0,122.0,,
ナムコオリジナル,拝啓、学校にて・・・,False,7,130.0,136.0,,
ナムコオリジナル,拝啓、学校にて・・・,True,8,130.0,136.0,,
ナムコオリジナル,太鼓侍,False,8,135.0,135.0,,
ナムコオリジナル,太鼓侍,True,8,135.0,135.0,,
ナムコオリジナル,23時54分、陽の旅路へのプレリュード,False,10,200.0,375.0,8,高速処理・アイマス譜面
ナムコオリジナル,23時54分、陽の旅路へのプレリュード,True,10,200.0,375.0,10,総合力
ナムコオリジナル,CUT! into the FUTURE,False,10,236.0,236.0,7,体力・密度
ナムコオリジナル,CUT! into the FUTURE,True,10,236.0,236.0,10,体力・密度
ナムコオリジナル,Nosferatu,False,9,50.0,400.0,5,体力・密度
ナムコオリジナル,Nosferatu,True,10,50.0,400.0,10,総合力
ナムコオリジナル,GORI × GORI × SafaRI,False,8,150.0,272.0,,
ナムコオリジナル,GORI × GORI × SafaRI,True,10,150.0,272.0,8,総合力
ナムコオリジナル,夢うつつカタルシス,False,8,105.5,105.5,,
ナムコオリジナル,われら無敵のドコン団,False,8,145.0,145.0,,
ナムコオリジナル,ドドドドドンだフル！,False,5,200.0,200.0,,
ナムコオリジナル,ドドドドドンだフル！,True,10,200.0,200.0,8,体力・密度
ナムコオリジナル,ラ・モレーナ・クモナイ,False,8,200.0,200.0,,
ナムコオリジナル,ラ・モレーナ・クモナイ,True,10,200.0,200.0,10,変則・技術譜面
ナムコオリジナル,どんちゃんしたい！,False,8,197.0,197.0,,
ナムコオリジナル,鼓立あおはる学園校歌,False,10,100.0,400.0,6,変則・技術譜面
ナムコオリジナル,スキに理由はいらないじゃん！,False,8,165.0,165.0,,
ナムコオリジナル,ドローイン☆ドリーム！,False,8,130.0,260.0,,
ナムコオリジナル,Destination 2F29,False,10,120.73,301.82,10,変則・技術譜面
ナムコオリジナル,共奏鼓祭,False,8,220.0,220.0,,
ナムコオリジナル,共奏鼓祭,True,10,220.0,220.0,7,複合処理能力
ナムコオリジナル,エール・エクス・マキナ！,False,9,160.0,276.5,3,体力・密度
ナムコオリジナル,RAINBOW★SKY,False,9,185.0,185.0,5,体力・密度
ナムコオリジナル,Space-Time Emergency,False,9,150.0,150.0,5,変則・技術譜面
ナムコオリジナル,アンチェイン・ガール！,False,8,155.0,155.0,,
ナムコオリジナル,白日夢、霧雨に溶けて,False,9,200.0,200.0,4,高速処理・アイマス譜面
ナムコオリジナル,スリケンランナー,False,9,185.0,208.0,4,体力・密度
ナムコオリジナル,詩謳兎揺蕩兎,False,10,18.75,150.0,5,変則・技術譜面
ナムコオリジナル,閃光ヴァルキュリア,False,8,180.0,188.0,,
ナムコオリジナル,リンダは今日も絶好調,False,8,160.0,174.0,,
ナムコオリジナル,リンダは今日も絶好調,True,9,160.0,174.0,2,高速処理・アイマス譜面
ナムコオリジナル,六華の舞,False,10,230.0,244.0,5,変則・技術譜面
ナムコオリジナル,Illusion Flare,False,10,180.0,180.0,6,変則・技術譜面
ナムコオリジナル,ヘイラ,False,9,220.0,220.0,,
ナムコオリジナル,ヘイラ,True,10,220.0,220.0,,
ナムコオリジナル,LΔchesis,False,9,125.33,376.0,4,複合処理能力
ナムコオリジナル,LΔchesis,True,10,125.33,376.0,9,変則・技術譜面
ナムコオリジナル,六本の薔薇と采の歌,False,6,80.0,205.0,,
ナムコオリジナル,六本の薔薇と采の歌,True,10,80.0,205.0,,
ナムコオリジナル,Doppelgangers,False,8,52.0,208.0,,
ナムコオリジナル,Doppelgangers,True,10,52.0,208.0,,
ナムコオリジナル,まいにちがドンダフル,False,8,138.0,138.0,,
ナムコオリジナル,ヒカリノカナタヘ,False,9,146.0,146.0,3,複合処理能力
ナムコオリジナル,SORA‐Ⅳ ブンパソング,False,8,130.0,130.0,,
ナムコオリジナル,ラブリーX,False,7,134.0,134.0,,
ナムコオリジナル,ラブリーX,True,8,134.0,134.0,,
ナムコオリジナル,神竜 ～Shinryu～,False,10,17.06,300.0,7,高速処理・アイマス譜面
ナムコオリジナル,神竜 ～Shinryu～,True,10,17.06,300.0,10,総合力
ナムコオリジナル,SUPERNOVA,False,10,212.0,212.0,6,高速処理・アイマス譜面
ナムコオリジナル,SUPERNOVA,True,10,212.0,212.0,8,体力・密度
ナムコオリジナル,そして勇者は眠りにつく,False,9,30.0,299.0,3,高速処理・アイマス譜面
ナムコオリジナル,そして勇者は眠りにつく,True,10,30.0,299.0,10,体力・密度
ナムコオリジナル,狂瀾怒濤,False,9,76.7,302.3,4,高速処理・アイマス譜面
ナムコオリジナル,狂瀾怒濤,True,10,76.7,302.3,10,高速処理・アイマス譜面
ナムコオリジナル,きょうはたいこ曜日,False,5,118.0,118.0,,
ナムコオリジナル,女神な世界 Ⅱ,False,8,168.0,168.0,2,変則・技術譜面
ナムコオリジナル,其方、激昂,False,10,84.94,190.0,,
ナムコオリジナル,Challengers,False,10,125.0,343.75,9,変則・技術譜面
ナムコオリジナル,SORA‐Ⅴ コズミックバード,False,8,135.0,136.33,1,変則・技術譜面
ナムコオリジナル,ON SAY GO SAY,False,8,130.0,130.0,1,複合処理能力
ナムコオリジナル,ON SAY GO SAY,True,10,130.0,130.0,8,複合処理能力
ナムコオリジナル,まおぅ,False,8,140.0,140.0,,
ナムコオリジナル,ねこくじら,False,8,140.0,140.0,,
ナムコオリジナル,ねこくじら,True,9,140.0,140.0,5,体力・密度
ナムコオリジナル,Player's High,False,10,255.0,255.0,9,高速処理・アイマス譜面
ナムコオリジナル,弧,False,10,190.0,190.0,8,総合力
ナムコオリジナル,めためた☆ゆにば～すっ！,False,8,180.0,240.0,1,総合力
ナムコオリジナル,めためた☆ゆにば～すっ！,True,10,180.0,240.0,,
ナムコオリジナル,ラブユー☆どんちゃん,False,8,130.0,130.0,,
ナムコオリジナル,ラブユー☆どんちゃん,True,8,130.0,130.0,,
ナムコオリジナル,トンガチン,False,9,160.0,160.0,3,変則・技術譜面
ナムコオリジナル,喫茶レイン,False,6,108.0,108.0,,
ナムコオリジナル,喫茶レイン,True,8,108.0,108.0,0,複合処理能力
ナムコオリジナル,GO ON ～未来へ～,False,8,133.0,266.0,1,総合力
ナムコオリジナル,晨星ト鵺,False,10,220.0,220.0,7,総合力
ナムコオリジナル,アンリミテッドゲームズ,False,10,77.5,310.0,7,高速処理・アイマス譜面
ナムコオリジナル,アンリミテッドゲームズ,True,10,77.5,310.0,,
ナムコオリジナル,"Hello, Mr.JOKER",False,10,185.0,275.0,7,高速処理・アイマス譜面
ナムコオリジナル,The Future of the 太鼓ドラム,False,10,79.4,350.0,7,高速処理・アイマス譜面
ナムコオリジナル,The Future of the 太鼓ドラム,True,10,79.4,350.0,10,体力・密度
ナムコオリジナル,ex寅 Trap!!,False,10,150.0,150.0,7,複合処理能力
ナムコオリジナル,どんちゃん世界旅行,False,7,138.0,138.0,,
ナムコオリジナル,Solitude Star,False,9,178.0,178.0,4,複合処理能力
ナムコオリジナル,Agent Hustle & Dr. Hassle,False,10,240.0,240.0,6,変則・技術譜面
ナムコオリジナル,Agent Hustle & Dr. Hassle,True,9,240.0,240.0,2,変則・技術譜面
ナムコオリジナル,Spectral Rider,False,10,172.0,258.0,6,高速処理・アイマス譜面
ナムコオリジナル,たいこの2000,False,10,56.0,224.0,9,体力・密度
ナムコオリジナル,仮想現実のテレスコープ,False,9,250.0,250.0,5,高速処理・アイマス譜面
ナムコオリジナル,仮想現実のテレスコープ,True,10,250.0,250.0,,
ナムコオリジナル,punk bastards,False,9,160.0,225.0,6,体力・密度
ナムコオリジナル,燃えよサファイア,False,9,175.0,175.0,5,変則・技術譜面
ナムコオリジナル,大好きな太鼓の音,False,8,5.68,190.0,2,体力・密度
ナムコオリジナル,大好きな太鼓の音,True,9,5.68,190.0,6,体力・密度
ナムコオリジナル,平等院鳳凰ドン vs 鳥獣戯カッ,False,7,80.0,200.0,0,体力・密度
ナムコオリジナル,平等院鳳凰ドン vs 鳥獣戯カッ,True,10,80.0,200.0,,
ナムコオリジナル,一世風靡,False,9,137.0,210.0,1,変則・技術譜面
ナムコオリジナル,大冒険タツドン,False,8,67.5,438.75,,
ナムコオリジナル,刻竜 ～Kokuryu～,False,10,60.0,240.0,8,複合処理能力
ナムコオリジナル,刻竜 ～Kokuryu～,True,10,60.0,240.0,,
ナムコオリジナル,†バチ!ムチ!?マッスルキングダム†,False,10,5.0,300.0,9,総合力
ナムコオリジナル,魑魅魍魎,False,10,200.0,260.0,10,総合力
ナムコオリジナル,憎悪と醜悪の花束,False,10,18.44,331.0,7,高速処理・アイマス譜面
ナムコオリジナル,憎悪と醜悪の花束,True,10,18.44,331.0,10,総合力
ナムコオリジナル,鼓舞曲「閻魔」,False,10,185.0,200.0,7,総合力
ナムコオリジナル,Aloft in the wind,False,7,201.0,201.0,,
ナムコオリジナル,Aloft in the wind,True,10,201.0,201.0,,
ナムコオリジナル,Emma,False,7,166.5,333.0,,
ナムコオリジナル,Emma,True,10,166.5,333.0,,
ナムコオリジナル,"Hello, Worldooon!!",False,7,256.0,256.0,,
ナムコオリジナル,"Hello, Worldooon!!",True,10,256.0,256.0,,
ナムコオリジナル,恋はドント・ダウト,False,8,180.0,180.0,1,変則・技術譜面
ナムコオリジナル,Donder Time,False,8,120.0,120.0,2,総合力
ナムコオリジナル,Hold me tight,False,8,155.0,155.0,1,複合処理能力
ナムコオリジナル,どんちゃん音頭,False,7,120.0,120.0,0,複合処理能力
ナムコオリジナル,ボクらのまえに道はある,False,8,170.0,170.0,1,変則・技術譜面
ナムコオリジナル,Amber Light,False,9,252.0,252.0,4,変則・技術譜面
ナムコオリジナル,4+1のそれぞれの未来,False,10,255.0,255.0,,
ナムコオリジナル,4+1のそれぞれの未来,True,10,255.0,255.0,,
ナムコオリジナル,しょうゆ de Show you!,False,9,144.0,144.0,4,複合処理能力
ナムコオリジナル,Central Dogma Pt.2,False,10,189.0,284.0,8,総合力
ナムコオリジナル,パラレルロリポップ,False,9,160.0,160.0,6,複合処理能力
ナムコオリジナル,テルミービート,False,8,197.0,197.0,,
ナムコオリジナル,彁,False,10,36.46,312.5,7,変則・技術譜面
ナムコオリジナル,彁,True,10,36.46,312.5,10,変則・技術譜面
ナムコオリジナル,傾奇者、罷り通る！,False,8,145.0,145.0,2,複合処理能力
ナムコオリジナル,あまてらすJK,False,8,190.0,190.0,2,体力・密度
ナムコオリジナル,赤と白薔薇の魔女,False,10,53.91,220.04,10,体力・密度
ナムコオリジナル,LECIEL GLISSANDO,False,10,250.0,250.0,7,高速処理・アイマス譜面
ナムコオリジナル,YOAKE,False,10,202.0,202.0,7,体力・密度
ナムコオリジナル,ひよこ鑑定士さん,False,10,17.81,359.99,8,総合力
ナムコオリジナル,1・2・さんしのでドンドカッカッ！,False,7,142.0,142.0,,
ナムコオリジナル,1・2・さんしのでドンドカッカッ！,True,9,142.0,142.0,3,高速処理・アイマス譜面
ナムコオリジナル,VIVIVIVID,False,10,178.0,178.0,6,体力・密度
ナムコオリジナル,轟け！太鼓の達人,False,8,154.0,154.0,2,総合力
ナムコオリジナル,ニジイロバトン,False,8,187.6,187.6,2,体力・密度
ナムコオリジナル,Diving Drive,False,10,193.0,193.0,6,総合力
ナムコオリジナル,ぺた・PETA！？パンプキン,False,9,112.0,140.0,4,変則・技術譜面
ナムコオリジナル,PONPOKO RHYTHM,False,7,170.0,170.0,,
ナムコオリジナル,ラパスの虹,False,9,156.0,195.0,4,変則・技術譜面
ナムコオリジナル,ラパスの虹,True,10,156.0,195.0,9,変則・技術譜面
ナムコオリジナル,星河一天,False,10,214.0,214.0,7,総合力
ナムコオリジナル,Stick Trick ShowTime!!,False,10,173.0,173.0,8,総合力
ナムコオリジナル,螺旋周回軌道,False,9,284.0,284.0,2,複合処理能力
ナムコオリジナル,螺旋周回軌道,True,10,284.0,284.0,8,変則・技術譜面
ナムコオリジナル,儚姫は原初に舞う,False,10,224.0,224.0,5,変則・技術譜面
ナムコオリジナル,儚姫は原初に舞う,True,10,224.0,224.0,9,変則・技術譜面
ナムコオリジナル,Vixtory,False,10,243.0,243.0,7,総合力
ナムコオリジナル,Vixtory,True,10,243.0,243.0,10,総合力
ナムコオリジナル,テトラリュトモスフォビア,False,10,150.0,150.0,7,変則・技術譜面
ナムコオリジナル,Central Dogma Pt.1,False,10,189.0,284.0,7,高速処理・アイマス譜面
ナムコオリジナル,Central Dogma Pt.1,True,10,189.0,284.0,10,体力・密度
ナムコオリジナル,絡繰廻廊,False,10,140.0,280.0,9,高速処理・アイマス譜面
ナムコオリジナル,wonderful ROUTINE,False,10,160.0,240.0,7,変則・技術譜面
ナムコオリジナル,いっそこのままで,False,9,190.0,190.0,,
ナムコオリジナル,零の交響曲,False,8,188.0,188.0,1,体力・密度
ナムコオリジナル,零の交響曲,True,10,188.0,188.0,6,体力・密度
ナムコオリジナル,Fly again!,False,7,200.0,200.0,0,高速処理・アイマス譜面
ナムコオリジナル,限界クリエイター応援歌,False,8,170.0,170.0,0,体力・密度
ナムコオリジナル,令・和太鼓,False,8,91.0,118.0,3,変則・技術譜面
ナムコオリジナル,クラポルポルスカ,False,10,50.0,150.0,,
ナムコオリジナル,エリンギのエクボ,False,8,147.0,147.0,2,変則・技術譜面
ナムコオリジナル,Freeway3234,False,8,145.0,145.0,2,変則・技術譜面
ナムコオリジナル,愛なんだぜ,False,9,40.0,200.0,4,体力・密度
ナムコオリジナル,memoria ficta,False,10,125.0,250.0,8,高速処理・アイマス譜面
ナムコオリジナル,TOKIMEKI♡ですとろいやー！！,False,9,200.0,200.0,4,体力・密度
ナムコオリジナル,ペットショップ大戦,False,10,172.0,172.0,7,複合処理能力
ナムコオリジナル,わら得る2000,False,10,62.52,216.0,10,総合力
ナムコオリジナル,続・〆ドレー2000,False,10,62.52,463.32,9,総合力
ナムコオリジナル,幕末維新譚,False,10,260.0,325.0,9,総合力
ナムコオリジナル,ハロー！どんちゃん,False,6,140.0,140.0,,
ナムコオリジナル,スクロール・ミカ,False,7,150.05,150.05,,
ナムコオリジナル,GERMINATION,False,7,160.0,192.0,,
ナムコオリジナル,ロボットロケンロー☆,False,6,176.0,176.0,,
ナムコオリジナル,ブルちゃんのおや2,False,8,154.0,154.0,1,変則・技術譜面
ナムコオリジナル,百鬼夜行,False,9,145.0,145.0,1,複合処理能力
ナムコオリジナル,via lactea,False,7,172.0,172.0,,
ナムコオリジナル,ナマハゲノウタ,False,9,176.0,176.0,3,体力・密度
ナムコオリジナル,カッティアワールの宝剣,False,8,120.5,120.5,2,変則・技術譜面
ナムコオリジナル,クラシックメドレー（ロック編）,False,8,145.0,145.0,,
ナムコオリジナル,エンジェル ドリーム,False,8,180.0,180.0,,
ナムコオリジナル,エンジェル ドリーム,True,9,180.0,180.0,,
ナムコオリジナル,ドキドキ胸きゅん おまつりタイム,False,9,106.0,212.0,3,高速処理・アイマス譜面
ナムコオリジナル,つながれ！ひろがれ！打ち上がれ！,False,9,150.0,150.0,2,総合力
ナムコオリジナル,フリフリ♪ノリノリ♪,False,7,190.0,190.0,,
ナムコオリジナル,フリフリ♪ノリノリ♪,True,9,190.0,190.0,3,変則・技術譜面
ナムコオリジナル,百花繚乱,False,8,148.0,148.0,1,複合処理能力
ナムコオリジナル,そつおめしき,False,10,200.0,200.0,7,高速処理・アイマス譜面
ナムコオリジナル,星屑ストラック,False,10,220.0,220.0,6,高速処理・アイマス譜面
ナムコオリジナル,星屑ストラック,True,10,220.0,220.0,10,総合力
ナムコオリジナル,ダンガンノーツ,False,10,105.0,210.0,7,体力・密度
ナムコオリジナル,ダンガンノーツ,True,10,105.0,210.0,10,総合力
ナムコオリジナル,メカデス。,False,7,160.0,160.0,1,体力・密度
ナムコオリジナル,メカデス。,True,10,160.0,160.0,8,体力・密度
ナムコオリジナル,さいたま2000,False,7,200.0,200.0,1,高速処理・アイマス譜面
ナムコオリジナル,はたラク2000,False,10,107.0,320.0,7,高速処理・アイマス譜面
ナムコオリジナル,森羅万象,False,10,290.0,290.0,,
ナムコオリジナル,UFO Swingin',False,10,62.0,274.0,10,変則・技術譜面
ナムコオリジナル,流浪の琥珀姫,False,8,134.67,134.67,1,変則・技術譜面
ナムコオリジナル,天泣の律,False,10,100.0,200.0,8,複合処理能力
ナムコオリジナル,サクラ・シークレット,False,9,145.0,160.0,,
ナムコオリジナル,音虫をつかまえろ！,False,9,150.0,150.0,3,複合処理能力
ナムコオリジナル,気焔万丈神楽,False,10,200.0,200.0,8,体力・密度
ナムコオリジナル,コネクトカラーズ,False,10,45.0,280.0,8,変則・技術譜面
ナムコオリジナル,カラフルボイス,False,9,240.0,240.0,,
ナムコオリジナル,カラフルボイス,True,10,240.0,240.0,,
ナムコオリジナル,モノクロボイス,False,10,240.0,240.0,,
ナムコオリジナル,モノクロボイス,True,10,240.0,240.0,,
ナムコオリジナル,疾風怒濤,False,10,67.99,272.0,7,変則・技術譜面
ナムコオリジナル,疾風怒濤,True,10,67.99,272.0,10,総合力
ナムコオリジナル,What's in the box?,False,10,227.0,227.0,7,変則・技術譜面
ナムコオリジナル,和有るど経りて維持・序,False,8,125.0,125.0,1,複合処理能力
ナムコオリジナル,デッド・オア・ダイ,False,10,120.0,240.0,9,体力・密度
ナムコオリジナル,或ル不和,False,10,200.0,200.0,8,体力・密度
ナムコオリジナル,Dragoon,False,9,200.0,200.0,5,体力・密度
ナムコオリジナル,こ・き・く・くる・くる・くれ・こ！,False,8,150.0,200.0,,
ナムコオリジナル,トラストゲーム,False,9,192.0,192.0,4,変則・技術譜面
ナムコオリジナル,あの日出会えたキセキ,False,10,181.0,191.0,7,体力・密度
ナムコオリジナル,キューティー☆デモニック☆魔人エモ!!,False,10,190.0,190.0,6,体力・密度
ナムコオリジナル,頂,False,10,202.0,202.0,7,総合力
ナムコオリジナル,ユースフルコースター,False,9,210.0,210.0,6,高速処理・アイマス譜面
ナムコオリジナル,GO GET'EM!,False,9,146.0,146.0,4,変則・技術譜面
ナムコオリジナル,GO GET'EM!,True,9,146.0,146.0,5,変則・技術譜面
ナムコオリジナル,ARMAGEΔDON,False,10,190.0,190.0,8,総合力
ナムコオリジナル,カラフル,False,10,204.0,204.0,8,複合処理能力
ナムコオリジナル,うちゅうひこうし冒険譚,False,10,208.0,208.0,6,高速処理・アイマス譜面
ナムコオリジナル,λ7708,False,10,33.56,250.0,8,変則・技術譜面
ナムコオリジナル,Caribbean Knight,False,10,135.0,300.0,7,高速処理・アイマス譜面
ナムコオリジナル,Toon Town's Toys' Tune,False,10,8.5,136.0,7,変則・技術譜面
ナムコオリジナル,まるくてはやくてすさまじいリズム,False,10,192.0,248.0,8,総合力
ナムコオリジナル,にゃーにゃーにゃー,False,10,222.0,222.0,7,変則・技術譜面
ナムコオリジナル,EterNal Ring,False,10,224.0,224.0,9,複合処理能力
ナムコオリジナル,Coquette,False,10,200.0,200.0,9,総合力
ナムコオリジナル,CYBERgenicALICE,False,9,185.0,185.0,,
ナムコオリジナル,シャイニング☆アブラカタブラ,False,9,149.0,149.0,4,複合処理能力
ナムコオリジナル,マジカル・パフェ,False,9,8.15,237.0,4,変則・技術譜面
ナムコオリジナル,マオウのショウタイム,False,9,120.0,222.0,5,総合力
ナムコオリジナル,トイマチック☆パレード!!,False,10,220.0,280.0,8,高速処理・アイマス譜面
ナムコオリジナル,ラヴ♡スパイス♡ライクユー!!!,False,10,200.0,200.0,6,高速処理・アイマス譜面
ナムコオリジナル,よーいドン！,False,10,6.06,194.0,6,高速処理・アイマス譜面
ナムコオリジナル,愛と浄罪の森,False,10,138.0,218.0,7,変則・技術譜面
ナムコオリジナル,Blessed Bouquet Buskers,False,10,188.0,188.0,5,総合力
ナムコオリジナル,OK I'm blue rat,False,10,128.0,128.0,6,変則・技術譜面
ナムコオリジナル,ハンロック,False,10,90.0,213.0,,
ナムコオリジナル,コナモノ☆,False,8,160.0,160.0,0,複合処理能力
ナムコオリジナル,黒神クロニクル,False,7,124.0,124.0,,
ナムコオリジナル,星屑とリニアと僕,False,8,176.0,176.0,3,複合処理能力
ナムコオリジナル,タイムトラベラー,False,6,182.0,182.0,,
ナムコオリジナル,鏡の国のアリス,False,6,160.0,160.0,,
ナムコオリジナル,鏡の国のアリス,True,8,160.0,160.0,,
ナムコオリジナル,8OROCHI,False,10,200.8,200.8,7,高速処理・アイマス譜面
ナムコオリジナル,8OROCHI,True,10,200.8,200.8,8,高速処理・アイマス譜面
ナムコオリジナル,うさぎのしっぽ,False,7,170.0,170.0,,
ナムコオリジナル,Asteroid,False,9,144.0,288.0,,
ナムコオリジナル,三瀬川乱舞,False,8,242.0,242.0,,
ナムコオリジナル,三瀬川乱舞,True,10,242.0,242.0,5,変則・技術譜面
ナムコオリジナル,ガンスリンガーシンデレラ,False,9,167.0,167.0,5,複合処理能力
ナムコオリジナル,願いはエスペラント,False,7,170.0,170.0,,
ナムコオリジナル,さよならワーリャ,False,9,60.0,240.0,4,複合処理能力
ナムコオリジナル,UNDEAD HEART(怒りのWarriors),False,10,210.0,210.0,,
ナムコオリジナル,竜と黒炎の姫君,False,8,306.0,306.0,1,複合処理能力
ナムコオリジナル,竜と黒炎の姫君,True,10,306.0,306.0,8,高速処理・アイマス譜面
ナムコオリジナル,そつおめしき2ばん,False,10,200.0,200.0,7,体力・密度
ナムコオリジナル,No Gravity,False,10,142.0,284.0,6,変則・技術譜面
ナムコオリジナル,VICTORIA,False,10,98.0,185.0,5,総合力
ナムコオリジナル,天狗囃子,False,9,92.0,226.0,4,変則・技術譜面
ナムコオリジナル,夢と現実の境界線,False,9,155.0,155.0,1,複合処理能力
ナムコオリジナル,アントニオ,False,9,158.0,158.0,1,複合処理能力
ナムコオリジナル,美しく忙しきドナウ,False,8,134.0,240.0,,
ナムコオリジナル,美しく忙しきドナウ,True,10,134.0,240.0,,
ナムコオリジナル,ほうかご☆マジシャン,False,8,160.0,160.0,0,体力・密度
ナムコオリジナル,マリオネットピュア,False,9,84.51,132.0,,
ナムコオリジナル,恋幻想（Love Fantasy）,False,8,183.0,183.0,2,複合処理能力
ナムコオリジナル,カグツチ,False,9,155.0,155.0,4,変則・技術譜面
ナムコオリジナル,KUSANAGI,False,9,180.0,180.0,5,体力・密度
ナムコオリジナル,黄泉のイザナミ,False,8,165.0,172.0,2,総合力
ナムコオリジナル,オール・イン・マイハート,False,9,190.0,190.0,4,体力・密度
ナムコオリジナル,Heaven's Rider,False,9,150.0,150.0,4,変則・技術譜面
ナムコオリジナル,てんびん座急行 夜を行く,False,8,180.0,180.0,3,体力・密度
ナムコオリジナル,輝きを求めて,False,8,80.0,200.0,,
ナムコオリジナル,Choco Chiptune.,False,8,210.0,210.0,2,高速処理・アイマス譜面
ナムコオリジナル,凛,False,9,88.77,170.0,3,複合処理能力
ナムコオリジナル,食らいむ！まうんとぱふぇ,False,9,186.0,186.0,4,総合力
ナムコオリジナル,トオリヨ,False,8,184.0,184.0,,
ナムコオリジナル,もしもし神様,False,8,47.0,188.0,,
ナムコオリジナル,超絶技巧系少女,False,10,200.0,200.0,7,複合処理能力
ナムコオリジナル,SstTAarR*,False,10,200.0,200.0,,
ナムコオリジナル,おにぎりはどこかしら♪,False,9,176.0,176.0,,
ナムコオリジナル,ココロボ,False,10,360.0,360.0,8,変則・技術譜面
ナムコオリジナル,ネテモネテモ,False,8,185.0,185.0,2,体力・密度
ナムコオリジナル,タベテモタベテモ,False,8,180.0,180.0,,
ナムコオリジナル,ひよっこファンタジー,False,9,188.0,188.0,3,体力・密度
ナムコオリジナル,アサガオ,False,10,220.0,220.0,8,体力・密度
ナムコオリジナル,冷凍庫CJ ～嗚呼面太鼓ブラザーズ～,False,10,240.0,240.0,8,高速処理・アイマス譜面
ナムコオリジナル,Gloria,False,10,222.0,222.0,8,総合力
ナムコオリジナル,プチポチ,False,10,140.0,162.0,,
ナムコオリジナル,チャーリー ダッシュ！,False,10,49.0,320.0,,
ナムコオリジナル,女帝 ～インバラトゥーラ～,False,9,204.5,290.0,3,変則・技術譜面
ナムコオリジナル,魔方陣 ‐サモン・デルタ‐,False,9,236.0,236.0,4,変則・技術譜面
ナムコオリジナル,千鼓千鼓,False,9,117.0,155.0,,
ナムコオリジナル,EDY -エレクトリカルダンシングヨガ-,False,9,132.0,132.0,,
ナムコオリジナル,東京ソーダ 8Bit Edit,False,8,175.0,175.0,2,複合処理能力
ナムコオリジナル,Day by Day!,False,8,161.0,161.0,,
ナムコオリジナル,闇の魔法少女,False,9,200.0,200.0,6,体力・密度
ナムコオリジナル,夢幻の蒼空,False,8,180.0,180.0,1,変則・技術譜面
ナムコオリジナル,がしゃどくろ,False,8,236.0,236.0,3,変則・技術譜面
ナムコオリジナル,セイクリッド ルイン,False,9,186.0,186.0,5,複合処理能力
ナムコオリジナル,セイクリッド ルイン,True,10,186.0,186.0,7,複合処理能力
ナムコオリジナル,ピコピコ ルイン,False,9,186.0,186.0,5,複合処理能力
ナムコオリジナル,ピコピコ ルイン,True,10,186.0,186.0,7,複合処理能力
ナムコオリジナル,カラメルタイム☆,False,8,160.0,160.0,2,複合処理能力
ナムコオリジナル,電子ドラムの達人,False,9,176.0,176.0,2,体力・密度
ナムコオリジナル,弩蚊怒夏,False,10,50.0,220.0,,
ナムコオリジナル,ぷるぷるしんぷる,False,8,240.0,240.0,2,高速処理・アイマス譜面
ナムコオリジナル,super star shooter,False,8,170.0,170.0,1,体力・密度
ナムコオリジナル,魔法の喫茶店,False,8,168.0,168.0,1,複合処理能力
ナムコオリジナル,Amanda,False,8,123.0,123.0,1,変則・技術譜面
ナムコオリジナル,鳳凰天舞無限崩れ,False,9,130.88,150.0,4,体力・密度
ナムコオリジナル,少女の神の粒子,False,9,182.0,182.0,4,体力・密度
ナムコオリジナル,アレキサンダーのテーマ,False,8,90.0,120.0,3,変則・技術譜面
ナムコオリジナル,合唱スタボーフェ！,False,9,156.0,156.0,2,複合処理能力
ナムコオリジナル,シューガク トラベラーズ,False,8,172.0,172.0,1,総合力
ナムコオリジナル,郢曲／暁闇,False,10,140.0,140.0,,
ナムコオリジナル,深緋の心臓 -SCARLET HEART-,False,8,130.0,143.0,,
ナムコオリジナル,ライコタイコディスコ,False,8,144.0,144.0,,
ナムコオリジナル,Ladystar Wandering,False,8,130.0,130.0,,
ナムコオリジナル,ナツモノ☆,False,6,160.0,160.0,,
ナムコオリジナル,ゆれるプリーツ実行委員,False,8,136.0,136.0,1,変則・技術譜面
ナムコオリジナル,うそうそ時,False,8,153.0,160.0,2,変則・技術譜面
ナムコオリジナル,時空庁時空1課,False,9,180.0,180.0,5,体力・密度
ナムコオリジナル,時空庁捜査2課,False,8,200.0,200.0,3,高速処理・アイマス譜面
ナムコオリジナル,ねぇ教えて,False,7,100.0,100.0,,
ナムコオリジナル,Calculator,False,10,150.0,300.0,6,総合力
ナムコオリジナル,Hurtling Boys,False,10,195.0,195.0,9,総合力
ナムコオリジナル,D's Adventure Note,False,10,174.0,174.0,6,複合処理能力
ナムコオリジナル,大空と太鼓の踊り,False,9,148.0,163.0,4,総合力
ナムコオリジナル,ツンデレCafeへようこそ☆,False,9,230.0,230.0,2,変則・技術譜面
ナムコオリジナル,DEBSTEP!,False,10,130.0,130.0,9,変則・技術譜面
ナムコオリジナル,夜櫻ブレヰダアズ,False,9,119.0,167.0,4,複合処理能力
ナムコオリジナル,化物月夜,False,8,180.0,180.0,3,変則・技術譜面
ナムコオリジナル,Eternal bond,False,8,170.0,170.0,,
ナムコオリジナル,重金属フューギティブ,False,10,140.0,260.0,,
ナムコオリジナル,ドキドキ恋の予感！？,False,7,165.0,165.0,,
ナムコオリジナル,にんじんにん,False,8,160.0,160.0,,
ナムコオリジナル,オレサマパイレーツ,False,8,148.0,148.0,3,変則・技術譜面
ナムコオリジナル,テルミン狂想曲,False,7,107.0,131.0,,
ナムコオリジナル,ミーナのおやしき,False,9,104.0,180.0,2,高速処理・アイマス譜面
ナムコオリジナル,おばけのお仕事,False,6,150.0,150.0,,
ナムコオリジナル,Dream Tide,False,8,141.0,141.0,1,体力・密度
ナムコオリジナル,豊穣弥生,False,8,126.0,126.0,1,変則・技術譜面
ナムコオリジナル,クルクルクロックル,False,8,130.0,130.0,2,変則・技術譜面
ナムコオリジナル,トータル・エクリプス 2035,False,8,157.0,157.0,1,複合処理能力
ナムコオリジナル,ナイトメア・サバイバー,False,8,114.0,161.0,2,複合処理能力
ナムコオリジナル,ナイトメア・サバイバー,True,10,114.0,161.0,8,複合処理能力
ナムコオリジナル,Phoenix,False,7,168.0,168.0,,
ナムコオリジナル,3piece-JazzParty!,False,9,160.0,160.0,5,複合処理能力
ナムコオリジナル,風の国の龍と騎士,False,8,160.0,160.0,1,体力・密度
ナムコオリジナル,DIMENSIONS,False,9,252.0,252.0,4,変則・技術譜面
ナムコオリジナル,和蘭撫子,False,8,156.0,156.0,1,複合処理能力
ナムコオリジナル,恋の処方箋,False,7,185.0,185.0,,
ナムコオリジナル,ボクハシンセ,False,8,110.0,110.0,,
ナムコオリジナル,junction,False,9,135.0,135.0,4,複合処理能力
ナムコオリジナル,ソードバトラーズ,False,7,150.0,150.0,,
ナムコオリジナル,ソードバトラーズ,True,9,150.0,150.0,3,複合処理能力
ナムコオリジナル,希望へのメロディー,False,7,162.0,162.0,,
ナムコオリジナル,希望へのメロディー,True,9,162.0,162.0,5,総合力
ナムコオリジナル,キミと響くハーモニー,False,6,163.0,163.0,,
ナムコオリジナル,キミと響くハーモニー,True,8,163.0,163.0,1,高速処理・アイマス譜面
ナムコオリジナル,超時空アドベンチャー,False,6,150.0,150.0,,
ナムコオリジナル,世界はいつでもミステリー,False,7,140.0,140.0,,
ナムコオリジナル,ファミレスウォーズ,False,8,190.0,190.0,,
ナムコオリジナル,Phantom Rider,False,8,268.0,268.0,1,複合処理能力
ナムコオリジナル,Phantom Rider,True,9,268.0,268.0,6,高速処理・アイマス譜面
ナムコオリジナル,Fly away,False,7,200.0,200.0,,
ナムコオリジナル,忍者は最高,False,7,176.0,176.0,,
ナムコオリジナル,渚のアンドロメダ,False,8,154.0,154.0,1,体力・密度
ナムコオリジナル,初音ミクの消失-劇場版-,False,9,100.0,240.0,,
ナムコオリジナル,初音ミクの消失-劇場版-,True,10,100.0,240.0,,
ナムコオリジナル,ダンバ・ダンバ・ディン・ダン,False,8,145.0,170.0,1,高速処理・アイマス譜面
ナムコオリジナル,隼,False,9,186.0,186.0,2,変則・技術譜面
ナムコオリジナル,カナデア,False,8,132.0,132.0,2,変則・技術譜面
ナムコオリジナル,MATSURI D／A,False,8,130.0,130.0,2,変則・技術譜面
ナムコオリジナル,My Mine,False,6,177.0,177.0,,
ナムコオリジナル,Growing Up,False,6,190.0,190.0,,
ナムコオリジナル,リバイバー,False,8,158.0,158.0,1,複合処理能力
ナムコオリジナル,オールナイトdeインデナイ,False,7,110.0,110.0,,
ナムコオリジナル,ラーメン de Yo‐Men!!,False,7,118.0,118.0,,
ナムコオリジナル,オーディオ de カッ！,False,9,128.0,220.0,3,複合処理能力
ナムコオリジナル,想いを手に願いを込めて,False,7,180.0,180.0,1,体力・密度
ナムコオリジナル,ヘイ，ミスタープロフェッサー,False,7,158.0,158.0,,
ナムコオリジナル,犬吠える,False,6,180.0,180.0,,
ナムコオリジナル,久遠の夜,False,8,185.0,185.0,2,体力・密度
ナムコオリジナル,地平線のエオリア,False,7,158.0,158.0,,
ナムコオリジナル,The Magician's Dream,False,8,191.0,191.0,3,体力・密度
ナムコオリジナル,マーブルハート,False,6,166.0,166.0,,
ナムコオリジナル,零の夜想曲,False,8,150.0,150.0,,
ナムコオリジナル,零の夜想曲,True,9,150.0,150.0,4,複合処理能力
ナムコオリジナル,零の狂詩曲,False,9,183.0,183.0,4,体力・密度
ナムコオリジナル,クロス・ブルー,False,9,180.0,180.0,4,体力・密度
ナムコオリジナル,ブレイクライン,False,8,178.0,178.0,,
ナムコオリジナル,わんにゃーワールド,False,9,176.0,176.0,,
ナムコオリジナル,亡き王女のためのパヴァーヌ,False,6,96.0,137.0,,
ナムコオリジナル,亡き王女のためのパヴァーヌ,True,8,96.0,137.0,,
ナムコオリジナル,蒼の旋律,False,9,196.0,196.0,5,高速処理・アイマス譜面
ナムコオリジナル,蒼の旋律,True,10,196.0,196.0,6,体力・密度
ナムコオリジナル,朱の旋律,False,10,190.0,190.0,6,体力・密度
ナムコオリジナル,虹色・夢色・太鼓色,False,6,136.0,136.0,,
ナムコオリジナル,太鼓ラブ！,False,5,140.0,140.0,,
ナムコオリジナル,どん子のファーストデート,False,4,190.0,190.0,,
ナムコオリジナル,どん子のファーストデート,True,8,190.0,190.0,2,体力・密度
ナムコオリジナル,オフ♨ロック,False,7,200.0,200.0,0,変則・技術譜面
ナムコオリジナル,ゴーゴー・キッチン,False,7,206.0,206.0,,
ナムコオリジナル,ゴーゴー・キッチン,True,10,206.0,206.0,7,体力・密度
ナムコオリジナル,スポーツダイジェスドン,False,7,130.0,130.0,,
ナムコオリジナル,スポーツダイジェスドン,True,9,130.0,130.0,3,変則・技術譜面
ナムコオリジナル,サタデー太鼓フィーバー,False,7,130.0,130.0,1,変則・技術譜面
ナムコオリジナル,サタデー太鼓フィーバー,True,8,130.0,130.0,2,変則・技術譜面
ナムコオリジナル,未来への鍵,False,7,105.0,105.0,,
ナムコオリジナル,シャイニング65,False,7,202.0,202.0,,
ナムコオリジナル,風雲！バチお先生,False,7,130.0,130.0,,
ナムコオリジナル,迅風丸,False,8,150.0,150.0,1,複合処理能力
ナムコオリジナル,迅風丸,True,9,150.0,150.0,3,複合処理能力
ナムコオリジナル,伝説の祭り,False,7,126.0,136.0,,
ナムコオリジナル,サーフサイド・サティ,False,8,150.0,150.0,,
ナムコオリジナル,メヌエット,False,9,130.0,130.0,,
ナムコオリジナル,夜想曲Op.9-2,False,8,192.0,192.0,,
ナムコオリジナル,幻想即興曲,False,9,114.0,230.0,,
ナムコオリジナル,カレ・カノ・カノン,False,8,180.0,180.0,,
ナムコオリジナル,エゴエゴアタクシ,False,8,5.31,170.0,1,体力・密度
ナムコオリジナル,DON'T CUT,False,8,170.0,170.0,1,体力・密度
ナムコオリジナル,DON'T CUT,True,9,170.0,170.0,4,総合力
ナムコオリジナル,ユウガオノキミ,False,7,128.0,128.0,,
ナムコオリジナル,散りゆく蘭の綴る詩,False,9,180.0,180.0,3,複合処理能力
ナムコオリジナル,フューチャー・ラボ,False,8,160.0,160.0,1,体力・密度
ナムコオリジナル,友情ぽっぷ,False,6,174.0,174.0,,
ナムコオリジナル,Many wow bang!,False,7,134.0,134.0,0,変則・技術譜面
ナムコオリジナル,Many wow bang!,True,9,134.0,134.0,2,変則・技術譜面
ナムコオリジナル,【双打】 Many wow bang!,False,9,134.0,134.0,,
ナムコオリジナル,【双打】 Many wow bang!,True,9,134.0,134.0,,
ナムコオリジナル,ねがいごと☆ぱずる,False,8,115.0,155.0,1,変則・技術譜面
ナムコオリジナル,ハロー！ ハロウィン,False,8,134.0,146.0,1,複合処理能力
ナムコオリジナル,練習曲Op.10-4,False,9,125.0,177.0,,
ナムコオリジナル,練習曲Op.10-4,True,10,125.0,177.0,,
ナムコオリジナル,めたるぽりす,False,9,176.0,176.0,3,変則・技術譜面
ナムコオリジナル,めたるぽりす,True,9,176.0,176.0,4,体力・密度
ナムコオリジナル,クープランの墓,False,8,140.0,140.0,,
ナムコオリジナル,NECOLOGY,False,8,150.0,150.0,1,変則・技術譜面
ナムコオリジナル,タイコタイム,False,9,170.0,170.0,3,総合力
ナムコオリジナル,タイコタイム,True,10,170.0,170.0,6,総合力
ナムコオリジナル,道化師の朝の歌,False,8,150.0,158.0,,
ナムコオリジナル,Mulberry,False,7,170.0,170.0,,
ナムコオリジナル,LOVE戦!!,False,8,180.0,180.0,2,体力・密度
ナムコオリジナル,LOVE戦!!,True,9,180.0,180.0,6,体力・密度
ナムコオリジナル,白猫きゃらめる夢幻のわたあめ,False,7,144.0,144.0,,
ナムコオリジナル,駄々っ子モンスター,False,7,183.0,183.0,,
ナムコオリジナル,夢色コースター,False,8,130.7,160.0,1,総合力
ナムコオリジナル,きみのあかり,False,5,129.0,129.0,,
ナムコオリジナル,きみのあかり,True,8,129.0,129.0,,
ナムコオリジナル,君のプラネット,False,8,96.0,107.0,,
ナムコオリジナル,トッカータとフーガとロック,False,9,143.0,143.0,,
ナムコオリジナル,白鳥の湖,False,9,240.0,240.0,,
ナムコオリジナル,白鳥の湖,True,10,240.0,240.0,,
ナムコオリジナル,画竜点睛,False,8,134.0,134.0,1,複合処理能力
ナムコオリジナル,真・画竜点睛,False,9,105.0,135.0,1,複合処理能力
ナムコオリジナル,真・画竜点睛,True,9,105.0,135.0,1,複合処理能力
ナムコオリジナル,月下美人,False,8,150.0,150.0,1,体力・密度
ナムコオリジナル,黒船来航,False,8,136.0,136.0,1,複合処理能力
ナムコオリジナル,戦国三弦,False,9,144.0,144.0,1,複合処理能力
ナムコオリジナル,風雲志士,False,8,135.0,135.0,1,変則・技術譜面
ナムコオリジナル,桜花爛漫,False,8,170.0,170.0,1,変則・技術譜面
ナムコオリジナル,太鼓乱舞 皆伝,False,8,130.0,130.0,2,複合処理能力
ナムコオリジナル,夜桜謝肉祭,False,9,145.3,170.0,5,体力・密度
ナムコオリジナル,夜桜謝肉祭,True,10,145.3,170.0,5,総合力
ナムコオリジナル,The Carnivorous Carnival,False,9,168.0,168.0,5,複合処理能力
ナムコオリジナル,Evidence of evil,False,10,180.0,180.0,7,総合力
ナムコオリジナル,Turquoise Tachometer,False,9,164.0,164.0,5,複合処理能力
ナムコオリジナル,行かないでイカロス,False,9,170.0,170.0,4,体力・密度
ナムコオリジナル,風のファンタジー,False,8,182.0,182.0,1,高速処理・アイマス譜面
ナムコオリジナル,パステル ドリーム,False,8,180.0,180.0,1,高速処理・アイマス譜面
ナムコオリジナル,ドン・エンガスの笛吹き,False,8,118.0,118.0,1,変則・技術譜面
ナムコオリジナル,ザストゥールの魔導書,False,8,140.0,140.0,2,総合力
ナムコオリジナル,リスドンヴァルナの黄昏,False,8,128.0,128.0,1,変則・技術譜面
ナムコオリジナル,忘却のティルナノグ,False,9,165.0,165.0,2,体力・密度
ナムコオリジナル,宇宙SAMURAI,False,8,140.0,140.0,1,複合処理能力
ナムコオリジナル,月影SASURAI,False,8,137.0,137.0,0,変則・技術譜面
ナムコオリジナル,月影SASURAI,True,9,137.0,137.0,3,変則・技術譜面
ナムコオリジナル,ヌムジカac.10,False,9,142.0,142.0,3,変則・技術譜面
ナムコオリジナル,STAGE 0.ac11,False,9,138.0,138.0,4,変則・技術譜面
ナムコオリジナル,亜空間遊泳ac12.5,False,9,153.0,153.0,5,変則・技術譜面
ナムコオリジナル,アルムジカac14.0V,False,9,140.0,140.0,3,複合処理能力
ナムコオリジナル,3Q-4U-AC00,False,7,168.0,168.0,,
ナムコオリジナル,SORA‐Ⅰ アースライズ,False,8,134.0,134.0,2,変則・技術譜面
ナムコオリジナル,SORA‐Ⅱ グリーゼ581,False,7,144.0,144.0,,
ナムコオリジナル,SORA‐Ⅵ 火ノ鳥,False,9,169.0,169.0,3,複合処理能力
ナムコオリジナル,SORA‐Ⅶ シグナスウォール,False,10,180.0,180.0,6,変則・技術譜面
ナムコオリジナル,季曲,False,7,150.0,150.0,,
ナムコオリジナル,季曲,True,8,150.0,150.0,,
ナムコオリジナル,蓄勢,False,7,146.0,146.0,,
ナムコオリジナル,蓄勢,True,8,146.0,146.0,,
ナムコオリジナル,蛻変,False,7,120.0,120.0,,
ナムコオリジナル,蛻変,True,8,120.0,120.0,,
ナムコオリジナル,春遊,False,7,140.0,140.0,,
ナムコオリジナル,春遊,True,8,140.0,140.0,2,複合処理能力
ナムコオリジナル,【双打】 春遊,False,6,140.0,140.0,,
ナムコオリジナル,綻放,False,7,172.0,172.0,,
ナムコオリジナル,綻放,True,8,172.0,172.0,,
ナムコオリジナル,花漾,False,7,140.0,140.0,,
ナムコオリジナル,花漾,True,9,140.0,140.0,2,複合処理能力
ナムコオリジナル,曙光,False,7,130.0,130.0,,
ナムコオリジナル,曙光,True,8,130.0,130.0,,
ナムコオリジナル,蝶戀,False,7,116.0,116.0,,
ナムコオリジナル,蝶戀,True,8,116.0,116.0,2,複合処理能力
ナムコオリジナル,Rotter Tarmination,False,8,200.0,200.0,2,高速処理・アイマス譜面
ナムコオリジナル,Rotter Tarmination,True,10,200.0,200.0,8,総合力
ナムコオリジナル,dance storm,False,7,190.0,190.0,1,高速処理・アイマス譜面
ナムコオリジナル,dance storm,True,9,190.0,190.0,4,高速処理・アイマス譜面
ナムコオリジナル,ドドンガド～ン,False,8,200.0,200.0,2,高速処理・アイマス譜面
ナムコオリジナル,ドドンガド～ン,True,10,200.0,200.0,7,高速処理・アイマス譜面
ナムコオリジナル,らんぶる乱舞,False,8,160.0,160.0,,
ナムコオリジナル,らんぶる乱舞,True,8,160.0,160.0,2,変則・技術譜面
ナムコオリジナル,らいとにんぐ ぱっしょん,False,7,166.0,166.0,,
ナムコオリジナル,らいとにんぐ ぱっしょん,True,9,166.0,166.0,2,体力・密度
ナムコオリジナル,サンバ アレグリーア,False,7,138.0,138.0,,
ナムコオリジナル,サンバ アレグリーア,True,9,138.0,138.0,3,変則・技術譜面
ナムコオリジナル,燎原ノ舞,False,10,104.0,208.0,8,複合処理能力
ナムコオリジナル,旋風ノ舞【天】,False,10,160.0,160.0,5,複合処理能力
ナムコオリジナル,旋風ノ舞【天】,True,10,160.0,160.0,,
ナムコオリジナル,旋風ノ舞【地】,False,9,160.0,160.0,1,高速処理・アイマス譜面
ナムコオリジナル,天妖ノ舞,False,9,174.0,174.0,2,高速処理・アイマス譜面
ナムコオリジナル,Black Rose Apostle,False,10,102.0,204.0,6,高速処理・アイマス譜面
ナムコオリジナル,Black Rose Apostle,True,10,102.0,204.0,8,体力・密度
ナムコオリジナル,White Rose Insanity,False,7,138.0,138.0,,
ナムコオリジナル,White Rose Insanity,True,8,138.0,138.0,2,高速処理・アイマス譜面
ナムコオリジナル,Red Rose Evangel,False,9,178.0,178.0,3,高速処理・アイマス譜面
ナムコオリジナル,Blue Rose Ruin,False,8,185.0,185.0,3,高速処理・アイマス譜面
ナムコオリジナル,Purple Rose Fusion,False,10,185.0,250.0,7,高速処理・アイマス譜面
ナムコオリジナル,幽玄ノ乱,False,10,160.0,300.0,10,高速処理・アイマス譜面
ナムコオリジナル,双竜ノ乱,False,10,320.0,320.0,10,高速処理・アイマス譜面
ナムコオリジナル,【双打】 双竜ノ乱,False,10,320.0,320.0,,
ナムコオリジナル,紫煌ノ乱,False,10,183.0,183.0,7,総合力
ナムコオリジナル,Xa,False,9,290.0,290.0,2,総合力
ナムコオリジナル,Xa,True,10,290.0,290.0,10,高速処理・アイマス譜面
ナムコオリジナル,天照,False,10,125.0,200.0,7,総合力
ナムコオリジナル,月読命,False,10,40.5,210.0,8,体力・密度
ナムコオリジナル,須佐之男,False,10,90.0,220.0,4,総合力
ナムコオリジナル,Clotho クロートー,False,10,185.0,185.0,6,体力・密度
ナムコオリジナル,冬竜 ～Toryu～,False,8,110.0,110.0,2,複合処理能力
ナムコオリジナル,冬竜 ～Toryu～,True,9,110.0,110.0,5,複合処理能力
ナムコオリジナル,春竜 ～Haryu～,False,8,218.0,218.0,2,複合処理能力
ナムコオリジナル,春竜 ～Haryu～,True,9,218.0,218.0,5,複合処理能力
ナムコオリジナル,夏竜 ～Karyu～,False,8,136.0,136.0,2,変則・技術譜面
ナムコオリジナル,夏竜 ～Karyu～,True,9,136.0,136.0,5,複合処理能力
ナムコオリジナル,秋竜 ～Shiuryu～,False,9,121.71,194.0,3,体力・密度
ナムコオリジナル,秋竜 ～Shiuryu～,True,10,121.71,194.0,7,総合力
ナムコオリジナル,氷竜 ～Kooryu～,False,9,194.0,273.0,5,複合処理能力
ナムコオリジナル,氷竜 ～Kooryu～,True,10,194.0,273.0,9,複合処理能力
ナムコオリジナル,花オト裏拍子,False,9,115.0,145.0,,
ナムコオリジナル,珈琲の味と,False,9,185.0,185.0,,
ナムコオリジナル,カラ鞠の花,False,10,148.0,148.0,,
ナムコオリジナル,ゴーストマスク,False,10,150.0,195.0,,
ナムコオリジナル,束ね糸,False,10,270.0,270.0,9,高速処理・アイマス譜面
ナムコオリジナル,FooFooカセット,False,9,175.0,176.0,4,体力・密度
ナムコオリジナル,懐中庭園を持つ少女,False,10,154.0,308.0,8,高速処理・アイマス譜面
ナムコオリジナル,Goldfish City,False,10,200.0,200.0,8,複合処理能力
ナムコオリジナル,東京特許キョ許可局局長!!,False,8,150.0,165.0,2,総合力
ナムコオリジナル,Princess of Donder,False,9,200.0,210.0,5,総合力
ナムコオリジナル,愛想笑い,False,8,173.0,173.0,1,複合処理能力
ナムコオリジナル,G意識過剰,False,9,200.0,200.0,4,体力・密度
ナムコオリジナル,承認欲Q,False,10,226.0,226.0,6,高速処理・アイマス譜面
ナムコオリジナル,χ談,False,10,145.0,270.0,8,高速処理・アイマス譜面
ナムコオリジナル,哀 want U,False,10,43.5,174.0,7,変則・技術譜面
ナムコオリジナル,アムピト♢リーテー,False,10,110.0,220.0,8,高速処理・アイマス譜面
ナムコオリジナル,poxei♦DOON,False,10,62.5,310.0,10,高速処理・アイマス譜面
ナムコオリジナル,Shiny Kung-fu Revival,False,9,222.2,222.2,6,高速処理・アイマス譜面
ナムコオリジナル,!!!カオスタイム!!!,False,10,140.0,290.0,10,総合力
ナムコオリジナル,毒LOＣＡＮdy♡,False,9,165.0,165.0,4,総合力
ナムコオリジナル,彼は誰時の誘惑,False,9,216.0,216.0,3,複合処理能力
ナムコオリジナル,彼は誰時の誘惑,True,10,216.0,216.0,8,変則・技術譜面
ナムコオリジナル,イオシス秋の肉食祭2014,False,9,132.0,180.0,5,総合力
ナムコオリジナル,私立高天原学園高校・校歌,False,9,188.0,188.0,4,体力・密度
ナムコオリジナル,ヤマタイ★ナイトパーティー,False,9,131.0,190.0,4,高速処理・アイマス譜面
ナムコオリジナル,聖徳たいこの「日いずるまで飛鳥」,False,9,100.0,200.0,,
ナムコオリジナル,My Muscle Heart,False,9,140.0,195.0,4,体力・密度
ナムコオリジナル,激運！七福ハッピークルー,False,9,180.0,180.0,4,体力・密度
ナムコオリジナル,秘ナルメジェドノ悲ナル憂鬱,False,10,180.0,210.0,8,体力・密度
ナムコオリジナル,パン vs ごはん！ 大決戦！,False,10,240.0,260.0,6,高速処理・アイマス譜面
ナムコオリジナル,パン vs ごはん！ 大決戦！,True,10,240.0,260.0,6,高速処理・アイマス譜面
ナムコオリジナル,Infinite Rebellion,False,10,5.0,302.0,10,高速処理・アイマス譜面
ナムコオリジナル,濃紅,False,10,220.0,220.0,,
ナムコオリジナル,R.I.,False,10,190.0,190.0,6,総合力
ナムコオリジナル,第六天魔王,False,10,75.0,300.0,10,高速処理・アイマス譜面
ナムコオリジナル,第六天魔王,True,10,75.0,300.0,,
ナムコオリジナル,天下統一録,False,10,210.0,210.0,8,高速処理・アイマス譜面
ナムコオリジナル,HARDCOREノ心得,False,10,23.75,380.0,8,総合力
ナムコオリジナル,Behemoth,False,10,160.0,190.0,9,総合力
ナムコオリジナル,Don't Stop the Game,False,10,175.0,175.0,7,変則・技術譜面
ナムコオリジナル,mint tears,False,10,188.0,188.0,5,総合力
ナムコオリジナル,人のお金で焼肉を食したい！,False,7,148.0,148.0,,
ナムコオリジナル,人のお金で焼肉を食したい！,True,10,148.0,148.0,7,複合処理能力
ナムコオリジナル,Ignis Danse,False,10,49.2,246.0,6,変則・技術譜面
ナムコオリジナル,SAKURA EXHAUST,False,9,178.0,178.0,4,総合力
ナムコオリジナル,Taiko Drum Monster,False,10,199.5,266.0,7,変則・技術譜面
ナムコオリジナル,Taiko Drum Monster,True,10,199.5,266.0,9,変則・技術譜面
ナムコオリジナル,青天の黎明,False,10,166.5,222.0,8,変則・技術譜面
ナムコオリジナル,タイコロール,False,10,87.6,187.6,5,体力・密度
ナムコオリジナル,【限定】 Nesin Amatias,False,7,200.0,200.0,,
ナムコオリジナル,はやさいたま2000,False,9,250.0,250.0,5,高速処理・アイマス譜面
ナムコオリジナル,ケチャドン2000,False,9,110.0,426.0,3,高速処理・アイマス譜面
ナムコオリジナル,恋文2000,False,9,200.0,200.0,4,体力・密度
ナムコオリジナル,よくでる2000,False,9,183.0,190.0,3,複合処理能力
ナムコオリジナル,【限定】 よくでる15300,False,1,222.88,500.0,,
ナムコオリジナル,タベルナ2000,False,10,170.0,170.0,5,総合力
ナムコオリジナル,きたさいたま200,False,9,177.6,177.6,4,複合処理能力
ナムコオリジナル,きたさいたま2000,False,10,222.0,222.0,7,高速処理・アイマス譜面
ナムコオリジナル,十露盤2000,False,10,170.0,240.0,6,高速処理・アイマス譜面
ナムコオリジナル,てんぢく2000,False,10,180.0,180.0,6,変則・技術譜面
ナムコオリジナル,EkiBEN2000,False,10,194.0,194.0,6,体力・密度
ナムコオリジナル,X-DAY2000,False,10,190.0,190.0,6,総合力
ナムコオリジナル,【限定】 黄ダルマ2000,False,1,154.0,154.0,,
ナムコオリジナル,〆ドレー2000,False,10,154.0,328.0,9,体力・密度
ナムコオリジナル,万戈イム－一ノ十,False,10,220.0,220.0,9,総合力
ナムコオリジナル,またさいたま2000,False,10,160.0,240.0,7,高速処理・アイマス譜面
ナムコオリジナル,スーハー2000,False,10,140.0,280.0,10,変則・技術譜面
ナムコオリジナル,ドンカマ2000,False,10,5.0,292.0,10,変則・技術譜面
ナムコオリジナル,ノるどん2000,False,10,140.0,200.0,7,総合力
ナムコオリジナル,まださいたま2000,False,10,280.0,280.0,10,総合力
ナムコオリジナル,≠MM,False,10,92.0,252.0,10,総合力
